종목명,날짜,PBR,시가,고가,저가,종가,거래량,상장주식수,자산 총액,부채 총액,자본 총액,매출액,영업이익,순이익,현금 흐름,ROE,EPS,BPS,부채비율,영업이익률,순이익률
영풍,2023-01-02,0.14,610000.0,610000.0,583000.0,584000.0,3023.0,1842040,5761750232702.0,1353871699370.0,4407878533332.0,890690766898.0,-28278643908.0,49072643.0,18923623545.0,0.0011132939038341,0.0053280757203969,478.5866249736162,0.30714814147716146,-0.03174911535962785,5.509503951736787e-05
영풍,2023-01-03,0.14,578000.0,588000.0,563000.0,583000.0,4334.0,1842040,5761750232702.0,1353871699370.0,4407878533332.0,890690766898.0,-28278643908.0,49072643.0,18923623545.0,0.0011132939038341,0.0053280757203969,478.5866249736162,0.30714814147716146,-0.03174911535962785,5.509503951736787e-05
영풍,2023-01-04,0.14,577000.0,621000.0,571000.0,613000.0,6614.0,1842040,5761750232702.0,1353871699370.0,4407878533332.0,890690766898.0,-28278643908.0,49072643.0,18923623545.0,0.0011132939038341,0.0053280757203969,478.5866249736162,0.30714814147716146,-0.03174911535962785,5.509503951736787e-05
영풍,2023-01-05,0.14,613000.0,615000.0,594000.0,610000.0,2997.0,1842040,5761750232702.0,1353871699370.0,4407878533332.0,890690766898.0,-28278643908.0,49072643.0,18923623545.0,0.0011132939038341,0.0053280757203969,478.5866249736162,0.30714814147716146,-0.03174911535962785,5.509503951736787e-05
영풍,2023-01-06,0.14,600000.0,615000.0,600000.0,610000.0,1930.0,1842040,5761750232702.0,1353871699370.0,4407878533332.0,890690766898.0,-28278643908.0,49072643.0,18923623545.0,0.0011132939038341,0.0053280757203969,478.5866249736162,0.30714814147716146,-0.03174911535962785,5.509503951736787e-05
영풍,2023-01-09,0.14,619000.0,627000.0,613000.0,624000.0,2222.0,1842040,5761750232702.0,1353871699370.0,4407878533332.0,890690766898.0,-28278643908.0,49072643.0,18923623545.0,0.0011132939038341,0.0053280757203969,478.5866249736162,0.30714814147716146,-0.03174911535962785,5.509503951736787e-05
영풍,2023-01-10,0.14,622000.0,628000.0,618000.0,620000.0,2150.0,1842040,5761750232702.0,1353871699370.0,4407878533332.0,890690766898.0,-28278643908.0,49072643.0,18923623545.0,0.0011132939038341,0.0053280757203969,478.5866249736162,0.30714814147716146,-0.03174911535962785,5.509503951736787e-05
영풍,2023-01-11,0.14,620000.0,621000.0,611000.0,615000.0,2442.0,1842040,5761750232702.0,1353871699370.0,4407878533332.0,890690766898.0,-28278643908.0,49072643.0,18923623545.0,0.0011132939038341,0.0053280757203969,478.5866249736162,0.30714814147716146,-0.03174911535962785,5.509503951736787e-05
영풍,2023-01-12,0.14,618000.0,624000.0,614000.0,617000.0,3249.0,1842040,5761750232702.0,1353871699370.0,4407878533332.0,890690766898.0,-28278643908.0,49072643.0,18923623545.0,0.0011132939038341,0.0053280757203969,478.5866249736162,0.30714814147716146,-0.03174911535962785,5.509503951736787e-05
영풍,2023-01-13,0.14,618000.0,628000.0,616000.0,628000.0,3519.0,1842040,5761750232702.0,1353871699370.0,4407878533332.0,890690766898.0,-28278643908.0,49072643.0,18923623545.0,0.0011132939038341,0.0053280757203969,478.5866249736162,0.30714814147716146,-0.03174911535962785,5.509503951736787e-05
영풍,2023-01-16,0.14,630000.0,641000.0,625000.0,634000.0,2837.0,1842040,5761750232702.0,1353871699370.0,4407878533332.0,890690766898.0,-28278643908.0,49072643.0,18923623545.0,0.0011132939038341,0.0053280757203969,478.5866249736162,0.30714814147716146,-0.03174911535962785,5.509503951736787e-05
영풍,2023-01-17,0.14,635000.0,635000.0,617000.0,617000.0,2433.0,1842040,5761750232702.0,1353871699370.0,4407878533332.0,890690766898.0,-28278643908.0,49072643.0,18923623545.0,0.0011132939038341,0.0053280757203969,478.5866249736162,0.30714814147716146,-0.03174911535962785,5.509503951736787e-05
영풍,2023-01-18,0.14,619000.0,635000.0,615000.0,634000.0,3565.0,1842040,5761750232702.0,1353871699370.0,4407878533332.0,890690766898.0,-28278643908.0,49072643.0,18923623545.0,0.0011132939038341,0.0053280757203969,478.5866249736162,0.30714814147716146,-0.03174911535962785,5.509503951736787e-05
영풍,2023-01-19,0.14,627000.0,633000.0,627000.0,628000.0,1618.0,1842040,5761750232702.0,1353871699370.0,4407878533332.0,890690766898.0,-28278643908.0,49072643.0,18923623545.0,0.0011132939038341,0.0053280757203969,478.5866249736162,0.30714814147716146,-0.03174911535962785,5.509503951736787e-05
영풍,2023-01-20,0.14,625000.0,641000.0,625000.0,640000.0,2699.0,1842040,5761750232702.0,1353871699370.0,4407878533332.0,890690766898.0,-28278643908.0,49072643.0,18923623545.0,0.0011132939038341,0.0053280757203969,478.5866249736162,0.30714814147716146,-0.03174911535962785,5.509503951736787e-05
영풍,2023-01-25,0.14,642000.0,645000.0,630000.0,634000.0,2633.0,1842040,5761750232702.0,1353871699370.0,4407878533332.0,890690766898.0,-28278643908.0,49072643.0,18923623545.0,0.0011132939038341,0.0053280757203969,478.5866249736162,0.30714814147716146,-0.03174911535962785,5.509503951736787e-05
영풍,2023-01-26,0.14,631000.0,642000.0,629000.0,641000.0,2015.0,1842040,5761750232702.0,1353871699370.0,4407878533332.0,890690766898.0,-28278643908.0,49072643.0,18923623545.0,0.0011132939038341,0.0053280757203969,478.5866249736162,0.30714814147716146,-0.03174911535962785,5.509503951736787e-05
영풍,2023-01-27,0.14,638000.0,653000.0,636000.0,650000.0,2816.0,1842040,5761750232702.0,1353871699370.0,4407878533332.0,890690766898.0,-28278643908.0,49072643.0,18923623545.0,0.0011132939038341,0.0053280757203969,478.5866249736162,0.30714814147716146,-0.03174911535962785,5.509503951736787e-05
영풍,2023-01-30,0.14,648000.0,648000.0,633000.0,633000.0,2937.0,1842040,5761750232702.0,1353871699370.0,4407878533332.0,890690766898.0,-28278643908.0,49072643.0,18923623545.0,0.0011132939038341,0.0053280757203969,478.5866249736162,0.30714814147716146,-0.03174911535962785,5.509503951736787e-05
영풍,2023-01-31,0.14,631000.0,635000.0,622000.0,625000.0,2666.0,1842040,5761750232702.0,1353871699370.0,4407878533332.0,890690766898.0,-28278643908.0,49072643.0,18923623545.0,0.0011132939038341,0.0053280757203969,478.5866249736162,0.30714814147716146,-0.03174911535962785,5.509503951736787e-05
영풍,2023-02-01,0.14,628000.0,630000.0,625000.0,626000.0,1541.0,1842040,5761750232702.0,1353871699370.0,4407878533332.0,890690766898.0,-28278643908.0,49072643.0,18923623545.0,0.0011132939038341,0.0053280757203969,478.5866249736162,0.30714814147716146,-0.03174911535962785,5.509503951736787e-05
영풍,2023-02-02,0.14,627000.0,637000.0,625000.0,632000.0,2651.0,1842040,5761750232702.0,1353871699370.0,4407878533332.0,890690766898.0,-28278643908.0,49072643.0,18923623545.0,0.0011132939038341,0.0053280757203969,478.5866249736162,0.30714814147716146,-0.03174911535962785,5.509503951736787e-05
영풍,2023-02-03,0.14,628000.0,628000.0,619000.0,619000.0,2701.0,1842040,5761750232702.0,1353871699370.0,4407878533332.0,890690766898.0,-28278643908.0,49072643.0,18923623545.0,0.0011132939038341,0.0053280757203969,478.5866249736162,0.30714814147716146,-0.03174911535962785,5.509503951736787e-05
영풍,2023-02-06,0.14,620000.0,624000.0,613000.0,617000.0,2631.0,1842040,5761750232702.0,1353871699370.0,4407878533332.0,890690766898.0,-28278643908.0,49072643.0,18923623545.0,0.0011132939038341,0.0053280757203969,478.5866249736162,0.30714814147716146,-0.03174911535962785,5.509503951736787e-05
영풍,2023-02-07,0.14,615000.0,622000.0,613000.0,622000.0,1974.0,1842040,5761750232702.0,1353871699370.0,4407878533332.0,890690766898.0,-28278643908.0,49072643.0,18923623545.0,0.0011132939038341,0.0053280757203969,478.5866249736162,0.30714814147716146,-0.03174911535962785,5.509503951736787e-05
영풍,2023-02-08,0.14,622000.0,642000.0,622000.0,634000.0,3211.0,1842040,5761750232702.0,1353871699370.0,4407878533332.0,890690766898.0,-28278643908.0,49072643.0,18923623545.0,0.0011132939038341,0.0053280757203969,478.5866249736162,0.30714814147716146,-0.03174911535962785,5.509503951736787e-05
영풍,2023-02-09,0.14,633000.0,638000.0,622000.0,628000.0,2785.0,1842040,5761750232702.0,1353871699370.0,4407878533332.0,890690766898.0,-28278643908.0,49072643.0,18923623545.0,0.0011132939038341,0.0053280757203969,478.5866249736162,0.30714814147716146,-0.03174911535962785,5.509503951736787e-05
영풍,2023-02-10,0.14,626000.0,628000.0,619000.0,626000.0,2525.0,1842040,5761750232702.0,1353871699370.0,4407878533332.0,890690766898.0,-28278643908.0,49072643.0,18923623545.0,0.0011132939038341,0.0053280757203969,478.5866249736162,0.30714814147716146,-0.03174911535962785,5.509503951736787e-05
영풍,2023-02-13,0.14,623000.0,628000.0,618000.0,624000.0,1856.0,1842040,5761750232702.0,1353871699370.0,4407878533332.0,890690766898.0,-28278643908.0,49072643.0,18923623545.0,0.0011132939038341,0.0053280757203969,478.5866249736162,0.30714814147716146,-0.03174911535962785,5.509503951736787e-05
영풍,2023-02-14,0.14,628000.0,634000.0,619000.0,620000.0,2322.0,1842040,5761750232702.0,1353871699370.0,4407878533332.0,890690766898.0,-28278643908.0,49072643.0,18923623545.0,0.0011132939038341,0.0053280757203969,478.5866249736162,0.30714814147716146,-0.03174911535962785,5.509503951736787e-05
영풍,2023-02-15,0.14,624000.0,636000.0,618000.0,620000.0,3706.0,1842040,5761750232702.0,1353871699370.0,4407878533332.0,890690766898.0,-28278643908.0,49072643.0,18923623545.0,0.0011132939038341,0.0053280757203969,478.5866249736162,0.30714814147716146,-0.03174911535962785,5.509503951736787e-05
영풍,2023-02-16,0.14,623000.0,638000.0,623000.0,635000.0,2249.0,1842040,5761750232702.0,1353871699370.0,4407878533332.0,890690766898.0,-28278643908.0,49072643.0,18923623545.0,0.0011132939038341,0.0053280757203969,478.5866249736162,0.30714814147716146,-0.03174911535962785,5.509503951736787e-05
영풍,2023-02-17,0.14,631000.0,680000.0,625000.0,663000.0,11286.0,1842040,5761750232702.0,1353871699370.0,4407878533332.0,890690766898.0,-28278643908.0,49072643.0,18923623545.0,0.0011132939038341,0.0053280757203969,478.5866249736162,0.30714814147716146,-0.03174911535962785,5.509503951736787e-05
영풍,2023-02-20,0.14,672000.0,676000.0,652000.0,659000.0,5615.0,1842040,5761750232702.0,1353871699370.0,4407878533332.0,890690766898.0,-28278643908.0,49072643.0,18923623545.0,0.0011132939038341,0.0053280757203969,478.5866249736162,0.30714814147716146,-0.03174911535962785,5.509503951736787e-05
영풍,2023-02-21,0.14,659000.0,666000.0,648000.0,657000.0,4050.0,1842040,5761750232702.0,1353871699370.0,4407878533332.0,890690766898.0,-28278643908.0,49072643.0,18923623545.0,0.0011132939038341,0.0053280757203969,478.5866249736162,0.30714814147716146,-0.03174911535962785,5.509503951736787e-05
영풍,2023-02-22,0.14,648000.0,651000.0,635000.0,642000.0,5010.0,1842040,5761750232702.0,1353871699370.0,4407878533332.0,890690766898.0,-28278643908.0,49072643.0,18923623545.0,0.0011132939038341,0.0053280757203969,478.5866249736162,0.30714814147716146,-0.03174911535962785,5.509503951736787e-05
영풍,2023-02-23,0.14,640000.0,646000.0,634000.0,640000.0,2425.0,1842040,5761750232702.0,1353871699370.0,4407878533332.0,890690766898.0,-28278643908.0,49072643.0,18923623545.0,0.0011132939038341,0.0053280757203969,478.5866249736162,0.30714814147716146,-0.03174911535962785,5.509503951736787e-05
영풍,2023-02-24,0.14,639000.0,650000.0,634000.0,640000.0,2947.0,1842040,5761750232702.0,1353871699370.0,4407878533332.0,890690766898.0,-28278643908.0,49072643.0,18923623545.0,0.0011132939038341,0.0053280757203969,478.5866249736162,0.30714814147716146,-0.03174911535962785,5.509503951736787e-05
영풍,2023-02-27,0.14,635000.0,635000.0,617000.0,617000.0,4577.0,1842040,5761750232702.0,1353871699370.0,4407878533332.0,890690766898.0,-28278643908.0,49072643.0,18923623545.0,0.0011132939038341,0.0053280757203969,478.5866249736162,0.30714814147716146,-0.03174911535962785,5.509503951736787e-05
영풍,2023-02-28,0.14,623000.0,626000.0,618000.0,623000.0,3174.0,1842040,5761750232702.0,1353871699370.0,4407878533332.0,890690766898.0,-28278643908.0,49072643.0,18923623545.0,0.0011132939038341,0.0053280757203969,478.5866249736162,0.30714814147716146,-0.03174911535962785,5.509503951736787e-05
영풍,2023-03-02,0.14,626000.0,651000.0,622000.0,634000.0,5180.0,1842040,5761750232702.0,1353871699370.0,4407878533332.0,890690766898.0,-28278643908.0,49072643.0,18923623545.0,0.0011132939038341,0.0053280757203969,478.5866249736162,0.30714814147716146,-0.03174911535962785,5.509503951736787e-05
영풍,2023-03-03,0.14,635000.0,637000.0,624000.0,627000.0,2312.0,1842040,5761750232702.0,1353871699370.0,4407878533332.0,890690766898.0,-28278643908.0,49072643.0,18923623545.0,0.0011132939038341,0.0053280757203969,478.5866249736162,0.30714814147716146,-0.03174911535962785,5.509503951736787e-05
영풍,2023-03-06,0.14,631000.0,633000.0,621000.0,628000.0,2739.0,1842040,5761750232702.0,1353871699370.0,4407878533332.0,890690766898.0,-28278643908.0,49072643.0,18923623545.0,0.0011132939038341,0.0053280757203969,478.5866249736162,0.30714814147716146,-0.03174911535962785,5.509503951736787e-05
영풍,2023-03-07,0.14,628000.0,632000.0,624000.0,627000.0,2158.0,1842040,5761750232702.0,1353871699370.0,4407878533332.0,890690766898.0,-28278643908.0,49072643.0,18923623545.0,0.0011132939038341,0.0053280757203969,478.5866249736162,0.30714814147716146,-0.03174911535962785,5.509503951736787e-05
영풍,2023-03-08,0.14,621000.0,621000.0,608000.0,610000.0,5576.0,1842040,5761750232702.0,1353871699370.0,4407878533332.0,890690766898.0,-28278643908.0,49072643.0,18923623545.0,0.0011132939038341,0.0053280757203969,478.5866249736162,0.30714814147716146,-0.03174911535962785,5.509503951736787e-05
영풍,2023-03-09,0.14,615000.0,615000.0,598000.0,604000.0,4044.0,1842040,5761750232702.0,1353871699370.0,4407878533332.0,890690766898.0,-28278643908.0,49072643.0,18923623545.0,0.0011132939038341,0.0053280757203969,478.5866249736162,0.30714814147716146,-0.03174911535962785,5.509503951736787e-05
영풍,2023-03-10,0.14,591000.0,592000.0,580000.0,585000.0,5097.0,1842040,5761750232702.0,1353871699370.0,4407878533332.0,890690766898.0,-28278643908.0,49072643.0,18923623545.0,0.0011132939038341,0.0053280757203969,478.5866249736162,0.30714814147716146,-0.03174911535962785,5.509503951736787e-05
영풍,2023-03-13,0.14,584000.0,584000.0,575000.0,581000.0,2540.0,1842040,5761750232702.0,1353871699370.0,4407878533332.0,890690766898.0,-28278643908.0,49072643.0,18923623545.0,0.0011132939038341,0.0053280757203969,478.5866249736162,0.30714814147716146,-0.03174911535962785,5.509503951736787e-05
영풍,2023-03-14,0.14,581000.0,581000.0,555000.0,557000.0,4268.0,1842040,5761750232702.0,1353871699370.0,4407878533332.0,890690766898.0,-28278643908.0,49072643.0,18923623545.0,0.0011132939038341,0.0053280757203969,478.5866249736162,0.30714814147716146,-0.03174911535962785,5.509503951736787e-05
영풍,2023-03-15,0.14,563000.0,569000.0,558000.0,565000.0,3140.0,1842040,5761750232702.0,1353871699370.0,4407878533332.0,890690766898.0,-28278643908.0,49072643.0,18923623545.0,0.0011132939038341,0.0053280757203969,478.5866249736162,0.30714814147716146,-0.03174911535962785,5.509503951736787e-05
영풍,2023-03-16,0.14,563000.0,563000.0,553000.0,563000.0,1781.0,1842040,5761750232702.0,1353871699370.0,4407878533332.0,890690766898.0,-28278643908.0,49072643.0,18923623545.0,0.0011132939038341,0.0053280757203969,478.5866249736162,0.30714814147716146,-0.03174911535962785,5.509503951736787e-05
영풍,2023-03-17,0.14,566000.0,567000.0,550000.0,555000.0,6561.0,1842040,5761750232702.0,1353871699370.0,4407878533332.0,890690766898.0,-28278643908.0,49072643.0,18923623545.0,0.0011132939038341,0.0053280757203969,478.5866249736162,0.30714814147716146,-0.03174911535962785,5.509503951736787e-05
영풍,2023-03-20,0.14,555000.0,558000.0,538000.0,540000.0,6532.0,1842040,5761750232702.0,1353871699370.0,4407878533332.0,890690766898.0,-28278643908.0,49072643.0,18923623545.0,0.0011132939038341,0.0053280757203969,478.5866249736162,0.30714814147716146,-0.03174911535962785,5.509503951736787e-05
영풍,2023-03-21,0.14,544000.0,549000.0,541000.0,548000.0,4848.0,1842040,5761750232702.0,1353871699370.0,4407878533332.0,890690766898.0,-28278643908.0,49072643.0,18923623545.0,0.0011132939038341,0.0053280757203969,478.5866249736162,0.30714814147716146,-0.03174911535962785,5.509503951736787e-05
영풍,2023-03-22,0.14,553000.0,554000.0,541000.0,543000.0,4478.0,1842040,5761750232702.0,1353871699370.0,4407878533332.0,890690766898.0,-28278643908.0,49072643.0,18923623545.0,0.0011132939038341,0.0053280757203969,478.5866249736162,0.30714814147716146,-0.03174911535962785,5.509503951736787e-05
영풍,2023-03-23,0.14,541000.0,547000.0,534000.0,546000.0,4387.0,1842040,5761750232702.0,1353871699370.0,4407878533332.0,890690766898.0,-28278643908.0,49072643.0,18923623545.0,0.0011132939038341,0.0053280757203969,478.5866249736162,0.30714814147716146,-0.03174911535962785,5.509503951736787e-05
영풍,2023-03-24,0.14,548000.0,549000.0,540000.0,546000.0,2532.0,1842040,5761750232702.0,1353871699370.0,4407878533332.0,890690766898.0,-28278643908.0,49072643.0,18923623545.0,0.0011132939038341,0.0053280757203969,478.5866249736162,0.30714814147716146,-0.03174911535962785,5.509503951736787e-05
영풍,2023-03-27,0.14,549000.0,550000.0,541000.0,546000.0,2337.0,1842040,5761750232702.0,1353871699370.0,4407878533332.0,890690766898.0,-28278643908.0,49072643.0,18923623545.0,0.0011132939038341,0.0053280757203969,478.5866249736162,0.30714814147716146,-0.03174911535962785,5.509503951736787e-05
영풍,2023-03-28,0.14,548000.0,565000.0,547000.0,565000.0,3914.0,1842040,5761750232702.0,1353871699370.0,4407878533332.0,890690766898.0,-28278643908.0,49072643.0,18923623545.0,0.0011132939038341,0.0053280757203969,478.5866249736162,0.30714814147716146,-0.03174911535962785,5.509503951736787e-05
영풍,2023-03-29,0.14,565000.0,590000.0,565000.0,580000.0,5646.0,1842040,5761750232702.0,1353871699370.0,4407878533332.0,890690766898.0,-28278643908.0,49072643.0,18923623545.0,0.0011132939038341,0.0053280757203969,478.5866249736162,0.30714814147716146,-0.03174911535962785,5.509503951736787e-05
영풍,2023-03-30,0.14,586000.0,586000.0,567000.0,576000.0,2992.0,1842040,5761750232702.0,1353871699370.0,4407878533332.0,890690766898.0,-28278643908.0,49072643.0,18923623545.0,0.0011132939038341,0.0053280757203969,478.5866249736162,0.30714814147716146,-0.03174911535962785,5.509503951736787e-05
영풍,2023-03-31,0.14,576000.0,587000.0,573000.0,581000.0,2287.0,1842040,5761750232702.0,1353871699370.0,4407878533332.0,890690766898.0,-28278643908.0,49072643.0,18923623545.0,0.0011132939038341,0.0053280757203969,478.5866249736162,0.30714814147716146,-0.03174911535962785,5.509503951736787e-05
영풍,2023-04-03,0.14,581000.0,589000.0,570000.0,576000.0,3339.0,1842040,5724588981543.0,1327343867082.0,4397245114461.0,945820891087.0,-74356927001.0,-12494119037.0,161241818997.0,-0.2841351507995589,-1.3565524133026428,477.432098592973,0.30185805715420105,-0.07861628739828753,-0.01320981504504614
영풍,2023-04-04,0.14,572000.0,584000.0,571000.0,576000.0,1812.0,1842040,5724588981543.0,1327343867082.0,4397245114461.0,945820891087.0,-74356927001.0,-12494119037.0,161241818997.0,-0.2841351507995589,-1.3565524133026428,477.432098592973,0.30185805715420105,-0.07861628739828753,-0.01320981504504614
영풍,2023-04-05,0.14,577000.0,578000.0,570000.0,578000.0,1843.0,1842040,5724588981543.0,1327343867082.0,4397245114461.0,945820891087.0,-74356927001.0,-12494119037.0,161241818997.0,-0.2841351507995589,-1.3565524133026428,477.432098592973,0.30185805715420105,-0.07861628739828753,-0.01320981504504614
영풍,2023-04-06,0.14,578000.0,578000.0,563000.0,563000.0,2167.0,1842040,5724588981543.0,1327343867082.0,4397245114461.0,945820891087.0,-74356927001.0,-12494119037.0,161241818997.0,-0.2841351507995589,-1.3565524133026428,477.432098592973,0.30185805715420105,-0.07861628739828753,-0.01320981504504614
영풍,2023-04-07,0.14,565000.0,566000.0,558000.0,563000.0,1386.0,1842040,5724588981543.0,1327343867082.0,4397245114461.0,945820891087.0,-74356927001.0,-12494119037.0,161241818997.0,-0.2841351507995589,-1.3565524133026428,477.432098592973,0.30185805715420105,-0.07861628739828753,-0.01320981504504614
영풍,2023-04-10,0.14,560000.0,564000.0,556000.0,560000.0,2070.0,1842040,5724588981543.0,1327343867082.0,4397245114461.0,945820891087.0,-74356927001.0,-12494119037.0,161241818997.0,-0.2841351507995589,-1.3565524133026428,477.432098592973,0.30185805715420105,-0.07861628739828753,-0.01320981504504614
영풍,2023-04-11,0.14,561000.0,578000.0,560000.0,576000.0,2827.0,1842040,5724588981543.0,1327343867082.0,4397245114461.0,945820891087.0,-74356927001.0,-12494119037.0,161241818997.0,-0.2841351507995589,-1.3565524133026428,477.432098592973,0.30185805715420105,-0.07861628739828753,-0.01320981504504614
영풍,2023-04-12,0.14,576000.0,582000.0,570000.0,570000.0,1747.0,1842040,5724588981543.0,1327343867082.0,4397245114461.0,945820891087.0,-74356927001.0,-12494119037.0,161241818997.0,-0.2841351507995589,-1.3565524133026428,477.432098592973,0.30185805715420105,-0.07861628739828753,-0.01320981504504614
영풍,2023-04-13,0.14,570000.0,579000.0,565000.0,573000.0,1380.0,1842040,5724588981543.0,1327343867082.0,4397245114461.0,945820891087.0,-74356927001.0,-12494119037.0,161241818997.0,-0.2841351507995589,-1.3565524133026428,477.432098592973,0.30185805715420105,-0.07861628739828753,-0.01320981504504614
영풍,2023-04-14,0.14,573000.0,592000.0,569000.0,589000.0,4071.0,1842040,5724588981543.0,1327343867082.0,4397245114461.0,945820891087.0,-74356927001.0,-12494119037.0,161241818997.0,-0.2841351507995589,-1.3565524133026428,477.432098592973,0.30185805715420105,-0.07861628739828753,-0.01320981504504614
영풍,2023-04-17,0.14,590000.0,599000.0,584000.0,586000.0,3297.0,1842040,5724588981543.0,1327343867082.0,4397245114461.0,945820891087.0,-74356927001.0,-12494119037.0,161241818997.0,-0.2841351507995589,-1.3565524133026428,477.432098592973,0.30185805715420105,-0.07861628739828753,-0.01320981504504614
영풍,2023-04-18,0.14,586000.0,588000.0,578000.0,578000.0,2284.0,1842040,5724588981543.0,1327343867082.0,4397245114461.0,945820891087.0,-74356927001.0,-12494119037.0,161241818997.0,-0.2841351507995589,-1.3565524133026428,477.432098592973,0.30185805715420105,-0.07861628739828753,-0.01320981504504614
영풍,2023-04-19,0.14,578000.0,623000.0,578000.0,616000.0,8024.0,1842040,5724588981543.0,1327343867082.0,4397245114461.0,945820891087.0,-74356927001.0,-12494119037.0,161241818997.0,-0.2841351507995589,-1.3565524133026428,477.432098592973,0.30185805715420105,-0.07861628739828753,-0.01320981504504614
영풍,2023-04-20,0.14,615000.0,620000.0,603000.0,608000.0,4583.0,1842040,5724588981543.0,1327343867082.0,4397245114461.0,945820891087.0,-74356927001.0,-12494119037.0,161241818997.0,-0.2841351507995589,-1.3565524133026428,477.432098592973,0.30185805715420105,-0.07861628739828753,-0.01320981504504614
영풍,2023-04-21,0.14,601000.0,606000.0,590000.0,596000.0,2564.0,1842040,5724588981543.0,1327343867082.0,4397245114461.0,945820891087.0,-74356927001.0,-12494119037.0,161241818997.0,-0.2841351507995589,-1.3565524133026428,477.432098592973,0.30185805715420105,-0.07861628739828753,-0.01320981504504614
영풍,2023-04-24,0.14,591000.0,596000.0,579000.0,580000.0,2608.0,1842040,5724588981543.0,1327343867082.0,4397245114461.0,945820891087.0,-74356927001.0,-12494119037.0,161241818997.0,-0.2841351507995589,-1.3565524133026428,477.432098592973,0.30185805715420105,-0.07861628739828753,-0.01320981504504614
영풍,2023-04-25,0.14,579000.0,584000.0,564000.0,571000.0,2724.0,1842040,5724588981543.0,1327343867082.0,4397245114461.0,945820891087.0,-74356927001.0,-12494119037.0,161241818997.0,-0.2841351507995589,-1.3565524133026428,477.432098592973,0.30185805715420105,-0.07861628739828753,-0.01320981504504614
영풍,2023-04-26,0.14,566000.0,572000.0,561000.0,564000.0,1398.0,1842040,5724588981543.0,1327343867082.0,4397245114461.0,945820891087.0,-74356927001.0,-12494119037.0,161241818997.0,-0.2841351507995589,-1.3565524133026428,477.432098592973,0.30185805715420105,-0.07861628739828753,-0.01320981504504614
영풍,2023-04-27,0.14,562000.0,565000.0,558000.0,563000.0,1911.0,1842040,5724588981543.0,1327343867082.0,4397245114461.0,945820891087.0,-74356927001.0,-12494119037.0,161241818997.0,-0.2841351507995589,-1.3565524133026428,477.432098592973,0.30185805715420105,-0.07861628739828753,-0.01320981504504614
영풍,2023-04-28,0.14,563000.0,572000.0,557000.0,571000.0,2832.0,1842040,5724588981543.0,1327343867082.0,4397245114461.0,945820891087.0,-74356927001.0,-12494119037.0,161241818997.0,-0.2841351507995589,-1.3565524133026428,477.432098592973,0.30185805715420105,-0.07861628739828753,-0.01320981504504614
영풍,2023-05-02,0.14,566000.0,578000.0,565000.0,572000.0,1547.0,1842040,5724588981543.0,1327343867082.0,4397245114461.0,945820891087.0,-74356927001.0,-12494119037.0,161241818997.0,-0.2841351507995589,-1.3565524133026428,477.432098592973,0.30185805715420105,-0.07861628739828753,-0.01320981504504614
영풍,2023-05-03,0.14,569000.0,578000.0,569000.0,572000.0,1298.0,1842040,5724588981543.0,1327343867082.0,4397245114461.0,945820891087.0,-74356927001.0,-12494119037.0,161241818997.0,-0.2841351507995589,-1.3565524133026428,477.432098592973,0.30185805715420105,-0.07861628739828753,-0.01320981504504614
영풍,2023-05-04,0.14,567000.0,571000.0,555000.0,563000.0,4142.0,1842040,5724588981543.0,1327343867082.0,4397245114461.0,945820891087.0,-74356927001.0,-12494119037.0,161241818997.0,-0.2841351507995589,-1.3565524133026428,477.432098592973,0.30185805715420105,-0.07861628739828753,-0.01320981504504614
영풍,2023-05-08,0.14,566000.0,585000.0,565000.0,583000.0,2272.0,1842040,5724588981543.0,1327343867082.0,4397245114461.0,945820891087.0,-74356927001.0,-12494119037.0,161241818997.0,-0.2841351507995589,-1.3565524133026428,477.432098592973,0.30185805715420105,-0.07861628739828753,-0.01320981504504614
영풍,2023-05-09,0.14,582000.0,586000.0,577000.0,578000.0,1416.0,1842040,5724588981543.0,1327343867082.0,4397245114461.0,945820891087.0,-74356927001.0,-12494119037.0,161241818997.0,-0.2841351507995589,-1.3565524133026428,477.432098592973,0.30185805715420105,-0.07861628739828753,-0.01320981504504614
영풍,2023-05-10,0.14,575000.0,576000.0,551000.0,557000.0,4967.0,1842040,5724588981543.0,1327343867082.0,4397245114461.0,945820891087.0,-74356927001.0,-12494119037.0,161241818997.0,-0.2841351507995589,-1.3565524133026428,477.432098592973,0.30185805715420105,-0.07861628739828753,-0.01320981504504614
영풍,2023-05-11,0.14,562000.0,568000.0,559000.0,559000.0,1369.0,1842040,5724588981543.0,1327343867082.0,4397245114461.0,945820891087.0,-74356927001.0,-12494119037.0,161241818997.0,-0.2841351507995589,-1.3565524133026428,477.432098592973,0.30185805715420105,-0.07861628739828753,-0.01320981504504614
영풍,2023-05-12,0.14,559000.0,564000.0,553000.0,556000.0,1671.0,1842040,5724588981543.0,1327343867082.0,4397245114461.0,945820891087.0,-74356927001.0,-12494119037.0,161241818997.0,-0.2841351507995589,-1.3565524133026428,477.432098592973,0.30185805715420105,-0.07861628739828753,-0.01320981504504614
영풍,2023-05-15,0.14,556000.0,556000.0,549000.0,554000.0,1671.0,1842040,5724588981543.0,1327343867082.0,4397245114461.0,945820891087.0,-74356927001.0,-12494119037.0,161241818997.0,-0.2841351507995589,-1.3565524133026428,477.432098592973,0.30185805715420105,-0.07861628739828753,-0.01320981504504614
영풍,2023-05-16,0.14,551000.0,552000.0,528000.0,529000.0,6975.0,1842040,5724588981543.0,1327343867082.0,4397245114461.0,945820891087.0,-74356927001.0,-12494119037.0,161241818997.0,-0.2841351507995589,-1.3565524133026428,477.432098592973,0.30185805715420105,-0.07861628739828753,-0.01320981504504614
영풍,2023-05-17,0.14,530000.0,536000.0,523000.0,528000.0,2458.0,1842040,5724588981543.0,1327343867082.0,4397245114461.0,945820891087.0,-74356927001.0,-12494119037.0,161241818997.0,-0.2841351507995589,-1.3565524133026428,477.432098592973,0.30185805715420105,-0.07861628739828753,-0.01320981504504614
영풍,2023-05-18,0.14,537000.0,543000.0,532000.0,535000.0,1707.0,1842040,5724588981543.0,1327343867082.0,4397245114461.0,945820891087.0,-74356927001.0,-12494119037.0,161241818997.0,-0.2841351507995589,-1.3565524133026428,477.432098592973,0.30185805715420105,-0.07861628739828753,-0.01320981504504614
영풍,2023-05-19,0.14,537000.0,543000.0,536000.0,541000.0,1078.0,1842040,5724588981543.0,1327343867082.0,4397245114461.0,945820891087.0,-74356927001.0,-12494119037.0,161241818997.0,-0.2841351507995589,-1.3565524133026428,477.432098592973,0.30185805715420105,-0.07861628739828753,-0.01320981504504614
영풍,2023-05-22,0.14,541000.0,550000.0,540000.0,548000.0,1266.0,1842040,5724588981543.0,1327343867082.0,4397245114461.0,945820891087.0,-74356927001.0,-12494119037.0,161241818997.0,-0.2841351507995589,-1.3565524133026428,477.432098592973,0.30185805715420105,-0.07861628739828753,-0.01320981504504614
영풍,2023-05-23,0.14,550000.0,550000.0,542000.0,550000.0,1510.0,1842040,5724588981543.0,1327343867082.0,4397245114461.0,945820891087.0,-74356927001.0,-12494119037.0,161241818997.0,-0.2841351507995589,-1.3565524133026428,477.432098592973,0.30185805715420105,-0.07861628739828753,-0.01320981504504614
영풍,2023-05-24,0.14,544000.0,552000.0,538000.0,539000.0,1917.0,1842040,5724588981543.0,1327343867082.0,4397245114461.0,945820891087.0,-74356927001.0,-12494119037.0,161241818997.0,-0.2841351507995589,-1.3565524133026428,477.432098592973,0.30185805715420105,-0.07861628739828753,-0.01320981504504614
영풍,2023-05-25,0.14,538000.0,541000.0,533000.0,536000.0,1949.0,1842040,5724588981543.0,1327343867082.0,4397245114461.0,945820891087.0,-74356927001.0,-12494119037.0,161241818997.0,-0.2841351507995589,-1.3565524133026428,477.432098592973,0.30185805715420105,-0.07861628739828753,-0.01320981504504614
영풍,2023-05-26,0.14,532000.0,537000.0,531000.0,532000.0,1392.0,1842040,5724588981543.0,1327343867082.0,4397245114461.0,945820891087.0,-74356927001.0,-12494119037.0,161241818997.0,-0.2841351507995589,-1.3565524133026428,477.432098592973,0.30185805715420105,-0.07861628739828753,-0.01320981504504614
영풍,2023-05-30,0.14,534000.0,539000.0,530000.0,537000.0,1184.0,1842040,5724588981543.0,1327343867082.0,4397245114461.0,945820891087.0,-74356927001.0,-12494119037.0,161241818997.0,-0.2841351507995589,-1.3565524133026428,477.432098592973,0.30185805715420105,-0.07861628739828753,-0.01320981504504614
영풍,2023-05-31,0.14,536000.0,538000.0,526000.0,526000.0,2555.0,1842040,5724588981543.0,1327343867082.0,4397245114461.0,945820891087.0,-74356927001.0,-12494119037.0,161241818997.0,-0.2841351507995589,-1.3565524133026428,477.432098592973,0.30185805715420105,-0.07861628739828753,-0.01320981504504614
영풍,2023-06-01,0.14,528000.0,532000.0,526000.0,530000.0,1189.0,1842040,5724588981543.0,1327343867082.0,4397245114461.0,945820891087.0,-74356927001.0,-12494119037.0,161241818997.0,-0.2841351507995589,-1.3565524133026428,477.432098592973,0.30185805715420105,-0.07861628739828753,-0.01320981504504614
영풍,2023-06-02,0.14,533000.0,543000.0,531000.0,543000.0,1637.0,1842040,5724588981543.0,1327343867082.0,4397245114461.0,945820891087.0,-74356927001.0,-12494119037.0,161241818997.0,-0.2841351507995589,-1.3565524133026428,477.432098592973,0.30185805715420105,-0.07861628739828753,-0.01320981504504614
영풍,2023-06-05,0.14,543000.0,554000.0,543000.0,545000.0,1512.0,1842040,5724588981543.0,1327343867082.0,4397245114461.0,945820891087.0,-74356927001.0,-12494119037.0,161241818997.0,-0.2841351507995589,-1.3565524133026428,477.432098592973,0.30185805715420105,-0.07861628739828753,-0.01320981504504614
영풍,2023-06-07,0.14,551000.0,552000.0,546000.0,549000.0,1451.0,1842040,5724588981543.0,1327343867082.0,4397245114461.0,945820891087.0,-74356927001.0,-12494119037.0,161241818997.0,-0.2841351507995589,-1.3565524133026428,477.432098592973,0.30185805715420105,-0.07861628739828753,-0.01320981504504614
영풍,2023-06-08,0.14,544000.0,566000.0,544000.0,562000.0,3641.0,1842040,5724588981543.0,1327343867082.0,4397245114461.0,945820891087.0,-74356927001.0,-12494119037.0,161241818997.0,-0.2841351507995589,-1.3565524133026428,477.432098592973,0.30185805715420105,-0.07861628739828753,-0.01320981504504614
영풍,2023-06-09,0.14,566000.0,566000.0,554000.0,559000.0,2000.0,1842040,5724588981543.0,1327343867082.0,4397245114461.0,945820891087.0,-74356927001.0,-12494119037.0,161241818997.0,-0.2841351507995589,-1.3565524133026428,477.432098592973,0.30185805715420105,-0.07861628739828753,-0.01320981504504614
영풍,2023-06-12,0.14,563000.0,564000.0,549000.0,551000.0,1783.0,1842040,5724588981543.0,1327343867082.0,4397245114461.0,945820891087.0,-74356927001.0,-12494119037.0,161241818997.0,-0.2841351507995589,-1.3565524133026428,477.432098592973,0.30185805715420105,-0.07861628739828753,-0.01320981504504614
영풍,2023-06-13,0.14,552000.0,563000.0,552000.0,559000.0,1775.0,1842040,5724588981543.0,1327343867082.0,4397245114461.0,945820891087.0,-74356927001.0,-12494119037.0,161241818997.0,-0.2841351507995589,-1.3565524133026428,477.432098592973,0.30185805715420105,-0.07861628739828753,-0.01320981504504614
영풍,2023-06-14,0.14,560000.0,568000.0,555000.0,560000.0,2018.0,1842040,5724588981543.0,1327343867082.0,4397245114461.0,945820891087.0,-74356927001.0,-12494119037.0,161241818997.0,-0.2841351507995589,-1.3565524133026428,477.432098592973,0.30185805715420105,-0.07861628739828753,-0.01320981504504614
영풍,2023-06-15,0.14,555000.0,559000.0,542000.0,542000.0,3742.0,1842040,5724588981543.0,1327343867082.0,4397245114461.0,945820891087.0,-74356927001.0,-12494119037.0,161241818997.0,-0.2841351507995589,-1.3565524133026428,477.432098592973,0.30185805715420105,-0.07861628739828753,-0.01320981504504614
영풍,2023-06-16,0.14,548000.0,553000.0,544000.0,549000.0,1850.0,1842040,5724588981543.0,1327343867082.0,4397245114461.0,945820891087.0,-74356927001.0,-12494119037.0,161241818997.0,-0.2841351507995589,-1.3565524133026428,477.432098592973,0.30185805715420105,-0.07861628739828753,-0.01320981504504614
영풍,2023-06-19,0.14,543000.0,555000.0,540000.0,555000.0,1295.0,1842040,5724588981543.0,1327343867082.0,4397245114461.0,945820891087.0,-74356927001.0,-12494119037.0,161241818997.0,-0.2841351507995589,-1.3565524133026428,477.432098592973,0.30185805715420105,-0.07861628739828753,-0.01320981504504614
영풍,2023-06-20,0.14,552000.0,557000.0,547000.0,555000.0,1330.0,1842040,5724588981543.0,1327343867082.0,4397245114461.0,945820891087.0,-74356927001.0,-12494119037.0,161241818997.0,-0.2841351507995589,-1.3565524133026428,477.432098592973,0.30185805715420105,-0.07861628739828753,-0.01320981504504614
영풍,2023-06-21,0.14,551000.0,556000.0,544000.0,546000.0,1327.0,1842040,5724588981543.0,1327343867082.0,4397245114461.0,945820891087.0,-74356927001.0,-12494119037.0,161241818997.0,-0.2841351507995589,-1.3565524133026428,477.432098592973,0.30185805715420105,-0.07861628739828753,-0.01320981504504614
영풍,2023-06-22,0.14,542000.0,551000.0,540000.0,549000.0,784.0,1842040,5724588981543.0,1327343867082.0,4397245114461.0,945820891087.0,-74356927001.0,-12494119037.0,161241818997.0,-0.2841351507995589,-1.3565524133026428,477.432098592973,0.30185805715420105,-0.07861628739828753,-0.01320981504504614
영풍,2023-06-23,0.14,543000.0,550000.0,538000.0,539000.0,1235.0,1842040,5724588981543.0,1327343867082.0,4397245114461.0,945820891087.0,-74356927001.0,-12494119037.0,161241818997.0,-0.2841351507995589,-1.3565524133026428,477.432098592973,0.30185805715420105,-0.07861628739828753,-0.01320981504504614
영풍,2023-06-26,0.14,542000.0,553000.0,533000.0,553000.0,1589.0,1842040,5724588981543.0,1327343867082.0,4397245114461.0,945820891087.0,-74356927001.0,-12494119037.0,161241818997.0,-0.2841351507995589,-1.3565524133026428,477.432098592973,0.30185805715420105,-0.07861628739828753,-0.01320981504504614
영풍,2023-06-27,0.14,546000.0,564000.0,546000.0,561000.0,2027.0,1842040,5724588981543.0,1327343867082.0,4397245114461.0,945820891087.0,-74356927001.0,-12494119037.0,161241818997.0,-0.2841351507995589,-1.3565524133026428,477.432098592973,0.30185805715420105,-0.07861628739828753,-0.01320981504504614
영풍,2023-06-28,0.14,566000.0,578000.0,563000.0,566000.0,3460.0,1842040,5724588981543.0,1327343867082.0,4397245114461.0,945820891087.0,-74356927001.0,-12494119037.0,161241818997.0,-0.2841351507995589,-1.3565524133026428,477.432098592973,0.30185805715420105,-0.07861628739828753,-0.01320981504504614
영풍,2023-06-29,0.14,566000.0,572000.0,563000.0,564000.0,1804.0,1842040,5724588981543.0,1327343867082.0,4397245114461.0,945820891087.0,-74356927001.0,-12494119037.0,161241818997.0,-0.2841351507995589,-1.3565524133026428,477.432098592973,0.30185805715420105,-0.07861628739828753,-0.01320981504504614
영풍,2023-06-30,0.14,562000.0,575000.0,557000.0,572000.0,2173.0,1842040,5724588981543.0,1327343867082.0,4397245114461.0,945820891087.0,-74356927001.0,-12494119037.0,161241818997.0,-0.2841351507995589,-1.3565524133026428,477.432098592973,0.30185805715420105,-0.07861628739828753,-0.01320981504504614
영풍,2023-07-03,0.14,572000.0,574000.0,565000.0,572000.0,1662.0,1842040,5841107705389.0,1372089335320.0,4469018370069.0,1056655325738.0,49066453028.0,81154532292.0,266534520924.0,1.8159364220905403,8.81137568044125,485.2248995753621,0.3070225319523167,0.04643562743009932,0.07680322079985659
영풍,2023-07-04,0.14,570000.0,576000.0,561000.0,565000.0,1995.0,1842040,5841107705389.0,1372089335320.0,4469018370069.0,1056655325738.0,49066453028.0,81154532292.0,266534520924.0,1.8159364220905403,8.81137568044125,485.2248995753621,0.3070225319523167,0.04643562743009932,0.07680322079985659
영풍,2023-07-05,0.14,572000.0,572000.0,556000.0,556000.0,1908.0,1842040,5841107705389.0,1372089335320.0,4469018370069.0,1056655325738.0,49066453028.0,81154532292.0,266534520924.0,1.8159364220905403,8.81137568044125,485.2248995753621,0.3070225319523167,0.04643562743009932,0.07680322079985659
영풍,2023-07-06,0.14,556000.0,561000.0,540000.0,542000.0,2537.0,1842040,5841107705389.0,1372089335320.0,4469018370069.0,1056655325738.0,49066453028.0,81154532292.0,266534520924.0,1.8159364220905403,8.81137568044125,485.2248995753621,0.3070225319523167,0.04643562743009932,0.07680322079985659
영풍,2023-07-07,0.14,537000.0,540000.0,526000.0,529000.0,2769.0,1842040,5841107705389.0,1372089335320.0,4469018370069.0,1056655325738.0,49066453028.0,81154532292.0,266534520924.0,1.8159364220905403,8.81137568044125,485.2248995753621,0.3070225319523167,0.04643562743009932,0.07680322079985659
영풍,2023-07-10,0.14,526000.0,535000.0,522000.0,529000.0,1030.0,1842040,5841107705389.0,1372089335320.0,4469018370069.0,1056655325738.0,49066453028.0,81154532292.0,266534520924.0,1.8159364220905403,8.81137568044125,485.2248995753621,0.3070225319523167,0.04643562743009932,0.07680322079985659
영풍,2023-07-11,0.14,529000.0,537000.0,529000.0,535000.0,890.0,1842040,5841107705389.0,1372089335320.0,4469018370069.0,1056655325738.0,49066453028.0,81154532292.0,266534520924.0,1.8159364220905403,8.81137568044125,485.2248995753621,0.3070225319523167,0.04643562743009932,0.07680322079985659
영풍,2023-07-12,0.14,540000.0,556000.0,537000.0,543000.0,1291.0,1842040,5841107705389.0,1372089335320.0,4469018370069.0,1056655325738.0,49066453028.0,81154532292.0,266534520924.0,1.8159364220905403,8.81137568044125,485.2248995753621,0.3070225319523167,0.04643562743009932,0.07680322079985659
영풍,2023-07-13,0.14,549000.0,553000.0,540000.0,540000.0,1619.0,1842040,5841107705389.0,1372089335320.0,4469018370069.0,1056655325738.0,49066453028.0,81154532292.0,266534520924.0,1.8159364220905403,8.81137568044125,485.2248995753621,0.3070225319523167,0.04643562743009932,0.07680322079985659
영풍,2023-07-14,0.14,543000.0,560000.0,541000.0,558000.0,1902.0,1842040,5841107705389.0,1372089335320.0,4469018370069.0,1056655325738.0,49066453028.0,81154532292.0,266534520924.0,1.8159364220905403,8.81137568044125,485.2248995753621,0.3070225319523167,0.04643562743009932,0.07680322079985659
영풍,2023-07-17,0.14,553000.0,562000.0,540000.0,547000.0,919.0,1842040,5841107705389.0,1372089335320.0,4469018370069.0,1056655325738.0,49066453028.0,81154532292.0,266534520924.0,1.8159364220905403,8.81137568044125,485.2248995753621,0.3070225319523167,0.04643562743009932,0.07680322079985659
영풍,2023-07-18,0.14,547000.0,553000.0,537000.0,541000.0,1494.0,1842040,5841107705389.0,1372089335320.0,4469018370069.0,1056655325738.0,49066453028.0,81154532292.0,266534520924.0,1.8159364220905403,8.81137568044125,485.2248995753621,0.3070225319523167,0.04643562743009932,0.07680322079985659
영풍,2023-07-19,0.14,543000.0,545000.0,538000.0,539000.0,1641.0,1842040,5841107705389.0,1372089335320.0,4469018370069.0,1056655325738.0,49066453028.0,81154532292.0,266534520924.0,1.8159364220905403,8.81137568044125,485.2248995753621,0.3070225319523167,0.04643562743009932,0.07680322079985659
영풍,2023-07-20,0.14,550000.0,574000.0,544000.0,563000.0,5196.0,1842040,5841107705389.0,1372089335320.0,4469018370069.0,1056655325738.0,49066453028.0,81154532292.0,266534520924.0,1.8159364220905403,8.81137568044125,485.2248995753621,0.3070225319523167,0.04643562743009932,0.07680322079985659
영풍,2023-07-21,0.14,563000.0,575000.0,556000.0,561000.0,2327.0,1842040,5841107705389.0,1372089335320.0,4469018370069.0,1056655325738.0,49066453028.0,81154532292.0,266534520924.0,1.8159364220905403,8.81137568044125,485.2248995753621,0.3070225319523167,0.04643562743009932,0.07680322079985659
영풍,2023-07-24,0.14,562000.0,572000.0,546000.0,565000.0,2764.0,1842040,5841107705389.0,1372089335320.0,4469018370069.0,1056655325738.0,49066453028.0,81154532292.0,266534520924.0,1.8159364220905403,8.81137568044125,485.2248995753621,0.3070225319523167,0.04643562743009932,0.07680322079985659
영풍,2023-07-25,0.14,568000.0,601000.0,559000.0,596000.0,8034.0,1842040,5841107705389.0,1372089335320.0,4469018370069.0,1056655325738.0,49066453028.0,81154532292.0,266534520924.0,1.8159364220905403,8.81137568044125,485.2248995753621,0.3070225319523167,0.04643562743009932,0.07680322079985659
영풍,2023-07-26,0.14,601000.0,609000.0,555000.0,556000.0,7051.0,1842040,5841107705389.0,1372089335320.0,4469018370069.0,1056655325738.0,49066453028.0,81154532292.0,266534520924.0,1.8159364220905403,8.81137568044125,485.2248995753621,0.3070225319523167,0.04643562743009932,0.07680322079985659
영풍,2023-07-27,0.14,559000.0,573000.0,556000.0,562000.0,2912.0,1842040,5841107705389.0,1372089335320.0,4469018370069.0,1056655325738.0,49066453028.0,81154532292.0,266534520924.0,1.8159364220905403,8.81137568044125,485.2248995753621,0.3070225319523167,0.04643562743009932,0.07680322079985659
영풍,2023-07-28,0.14,565000.0,569000.0,556000.0,561000.0,2292.0,1842040,5841107705389.0,1372089335320.0,4469018370069.0,1056655325738.0,49066453028.0,81154532292.0,266534520924.0,1.8159364220905403,8.81137568044125,485.2248995753621,0.3070225319523167,0.04643562743009932,0.07680322079985659
영풍,2023-07-31,0.14,561000.0,578000.0,559000.0,575000.0,2413.0,1842040,5841107705389.0,1372089335320.0,4469018370069.0,1056655325738.0,49066453028.0,81154532292.0,266534520924.0,1.8159364220905403,8.81137568044125,485.2248995753621,0.3070225319523167,0.04643562743009932,0.07680322079985659
영풍,2023-08-01,0.14,579000.0,599000.0,567000.0,585000.0,3018.0,1842040,5841107705389.0,1372089335320.0,4469018370069.0,1056655325738.0,49066453028.0,81154532292.0,266534520924.0,1.8159364220905403,8.81137568044125,485.2248995753621,0.3070225319523167,0.04643562743009932,0.07680322079985659
영풍,2023-08-02,0.14,584000.0,593000.0,576000.0,577000.0,1924.0,1842040,5841107705389.0,1372089335320.0,4469018370069.0,1056655325738.0,49066453028.0,81154532292.0,266534520924.0,1.8159364220905403,8.81137568044125,485.2248995753621,0.3070225319523167,0.04643562743009932,0.07680322079985659
영풍,2023-08-03,0.14,581000.0,589000.0,573000.0,587000.0,1645.0,1842040,5841107705389.0,1372089335320.0,4469018370069.0,1056655325738.0,49066453028.0,81154532292.0,266534520924.0,1.8159364220905403,8.81137568044125,485.2248995753621,0.3070225319523167,0.04643562743009932,0.07680322079985659
영풍,2023-08-04,0.14,592000.0,593000.0,574000.0,578000.0,1316.0,1842040,5841107705389.0,1372089335320.0,4469018370069.0,1056655325738.0,49066453028.0,81154532292.0,266534520924.0,1.8159364220905403,8.81137568044125,485.2248995753621,0.3070225319523167,0.04643562743009932,0.07680322079985659
영풍,2023-08-07,0.14,575000.0,582000.0,566000.0,567000.0,1210.0,1842040,5841107705389.0,1372089335320.0,4469018370069.0,1056655325738.0,49066453028.0,81154532292.0,266534520924.0,1.8159364220905403,8.81137568044125,485.2248995753621,0.3070225319523167,0.04643562743009932,0.07680322079985659
영풍,2023-08-08,0.14,578000.0,587000.0,568000.0,572000.0,1732.0,1842040,5841107705389.0,1372089335320.0,4469018370069.0,1056655325738.0,49066453028.0,81154532292.0,266534520924.0,1.8159364220905403,8.81137568044125,485.2248995753621,0.3070225319523167,0.04643562743009932,0.07680322079985659
영풍,2023-08-09,0.14,576000.0,578000.0,570000.0,571000.0,939.0,1842040,5841107705389.0,1372089335320.0,4469018370069.0,1056655325738.0,49066453028.0,81154532292.0,266534520924.0,1.8159364220905403,8.81137568044125,485.2248995753621,0.3070225319523167,0.04643562743009932,0.07680322079985659
영풍,2023-08-10,0.14,571000.0,583000.0,565000.0,581000.0,1920.0,1842040,5841107705389.0,1372089335320.0,4469018370069.0,1056655325738.0,49066453028.0,81154532292.0,266534520924.0,1.8159364220905403,8.81137568044125,485.2248995753621,0.3070225319523167,0.04643562743009932,0.07680322079985659
영풍,2023-08-11,0.14,574000.0,588000.0,574000.0,579000.0,1260.0,1842040,5841107705389.0,1372089335320.0,4469018370069.0,1056655325738.0,49066453028.0,81154532292.0,266534520924.0,1.8159364220905403,8.81137568044125,485.2248995753621,0.3070225319523167,0.04643562743009932,0.07680322079985659
영풍,2023-08-14,0.14,581000.0,582000.0,558000.0,563000.0,1944.0,1842040,5841107705389.0,1372089335320.0,4469018370069.0,1056655325738.0,49066453028.0,81154532292.0,266534520924.0,1.8159364220905403,8.81137568044125,485.2248995753621,0.3070225319523167,0.04643562743009932,0.07680322079985659
영풍,2023-08-16,0.14,559000.0,561000.0,550000.0,551000.0,1675.0,1842040,5841107705389.0,1372089335320.0,4469018370069.0,1056655325738.0,49066453028.0,81154532292.0,266534520924.0,1.8159364220905403,8.81137568044125,485.2248995753621,0.3070225319523167,0.04643562743009932,0.07680322079985659
영풍,2023-08-17,0.14,551000.0,553000.0,534000.0,538000.0,2057.0,1842040,5841107705389.0,1372089335320.0,4469018370069.0,1056655325738.0,49066453028.0,81154532292.0,266534520924.0,1.8159364220905403,8.81137568044125,485.2248995753621,0.3070225319523167,0.04643562743009932,0.07680322079985659
영풍,2023-08-18,0.14,533000.0,537000.0,520000.0,524000.0,4093.0,1842040,5841107705389.0,1372089335320.0,4469018370069.0,1056655325738.0,49066453028.0,81154532292.0,266534520924.0,1.8159364220905403,8.81137568044125,485.2248995753621,0.3070225319523167,0.04643562743009932,0.07680322079985659
영풍,2023-08-21,0.14,528000.0,529000.0,508000.0,516000.0,4454.0,1842040,5841107705389.0,1372089335320.0,4469018370069.0,1056655325738.0,49066453028.0,81154532292.0,266534520924.0,1.8159364220905403,8.81137568044125,485.2248995753621,0.3070225319523167,0.04643562743009932,0.07680322079985659
영풍,2023-08-22,0.14,516000.0,520000.0,505000.0,513000.0,2923.0,1842040,5841107705389.0,1372089335320.0,4469018370069.0,1056655325738.0,49066453028.0,81154532292.0,266534520924.0,1.8159364220905403,8.81137568044125,485.2248995753621,0.3070225319523167,0.04643562743009932,0.07680322079985659
영풍,2023-08-23,0.14,513000.0,515000.0,500000.0,511000.0,2550.0,1842040,5841107705389.0,1372089335320.0,4469018370069.0,1056655325738.0,49066453028.0,81154532292.0,266534520924.0,1.8159364220905403,8.81137568044125,485.2248995753621,0.3070225319523167,0.04643562743009932,0.07680322079985659
영풍,2023-08-24,0.14,513000.0,522000.0,508000.0,515000.0,1403.0,1842040,5841107705389.0,1372089335320.0,4469018370069.0,1056655325738.0,49066453028.0,81154532292.0,266534520924.0,1.8159364220905403,8.81137568044125,485.2248995753621,0.3070225319523167,0.04643562743009932,0.07680322079985659
영풍,2023-08-25,0.14,510000.0,531000.0,508000.0,526000.0,1610.0,1842040,5841107705389.0,1372089335320.0,4469018370069.0,1056655325738.0,49066453028.0,81154532292.0,266534520924.0,1.8159364220905403,8.81137568044125,485.2248995753621,0.3070225319523167,0.04643562743009932,0.07680322079985659
영풍,2023-08-28,0.14,531000.0,538000.0,527000.0,537000.0,1470.0,1842040,5841107705389.0,1372089335320.0,4469018370069.0,1056655325738.0,49066453028.0,81154532292.0,266534520924.0,1.8159364220905403,8.81137568044125,485.2248995753621,0.3070225319523167,0.04643562743009932,0.07680322079985659
영풍,2023-08-29,0.14,544000.0,547000.0,539000.0,543000.0,1001.0,1842040,5841107705389.0,1372089335320.0,4469018370069.0,1056655325738.0,49066453028.0,81154532292.0,266534520924.0,1.8159364220905403,8.81137568044125,485.2248995753621,0.3070225319523167,0.04643562743009932,0.07680322079985659
영풍,2023-08-30,0.14,546000.0,552000.0,544000.0,545000.0,944.0,1842040,5841107705389.0,1372089335320.0,4469018370069.0,1056655325738.0,49066453028.0,81154532292.0,266534520924.0,1.8159364220905403,8.81137568044125,485.2248995753621,0.3070225319523167,0.04643562743009932,0.07680322079985659
영풍,2023-08-31,0.14,551000.0,551000.0,541000.0,545000.0,1141.0,1842040,5841107705389.0,1372089335320.0,4469018370069.0,1056655325738.0,49066453028.0,81154532292.0,266534520924.0,1.8159364220905403,8.81137568044125,485.2248995753621,0.3070225319523167,0.04643562743009932,0.07680322079985659
영풍,2023-09-01,0.14,540000.0,544000.0,536000.0,539000.0,949.0,1842040,5841107705389.0,1372089335320.0,4469018370069.0,1056655325738.0,49066453028.0,81154532292.0,266534520924.0,1.8159364220905403,8.81137568044125,485.2248995753621,0.3070225319523167,0.04643562743009932,0.07680322079985659
영풍,2023-09-04,0.14,535000.0,550000.0,535000.0,547000.0,796.0,1842040,5841107705389.0,1372089335320.0,4469018370069.0,1056655325738.0,49066453028.0,81154532292.0,266534520924.0,1.8159364220905403,8.81137568044125,485.2248995753621,0.3070225319523167,0.04643562743009932,0.07680322079985659
영풍,2023-09-05,0.14,543000.0,558000.0,543000.0,555000.0,899.0,1842040,5841107705389.0,1372089335320.0,4469018370069.0,1056655325738.0,49066453028.0,81154532292.0,266534520924.0,1.8159364220905403,8.81137568044125,485.2248995753621,0.3070225319523167,0.04643562743009932,0.07680322079985659
영풍,2023-09-06,0.14,550000.0,554000.0,544000.0,547000.0,761.0,1842040,5841107705389.0,1372089335320.0,4469018370069.0,1056655325738.0,49066453028.0,81154532292.0,266534520924.0,1.8159364220905403,8.81137568044125,485.2248995753621,0.3070225319523167,0.04643562743009932,0.07680322079985659
영풍,2023-09-07,0.14,542000.0,549000.0,532000.0,536000.0,1154.0,1842040,5841107705389.0,1372089335320.0,4469018370069.0,1056655325738.0,49066453028.0,81154532292.0,266534520924.0,1.8159364220905403,8.81137568044125,485.2248995753621,0.3070225319523167,0.04643562743009932,0.07680322079985659
영풍,2023-09-08,0.14,539000.0,540000.0,532000.0,538000.0,778.0,1842040,5841107705389.0,1372089335320.0,4469018370069.0,1056655325738.0,49066453028.0,81154532292.0,266534520924.0,1.8159364220905403,8.81137568044125,485.2248995753621,0.3070225319523167,0.04643562743009932,0.07680322079985659
영풍,2023-09-11,0.14,535000.0,538000.0,529000.0,533000.0,1258.0,1842040,5841107705389.0,1372089335320.0,4469018370069.0,1056655325738.0,49066453028.0,81154532292.0,266534520924.0,1.8159364220905403,8.81137568044125,485.2248995753621,0.3070225319523167,0.04643562743009932,0.07680322079985659
영풍,2023-09-12,0.14,538000.0,539000.0,526000.0,530000.0,1000.0,1842040,5841107705389.0,1372089335320.0,4469018370069.0,1056655325738.0,49066453028.0,81154532292.0,266534520924.0,1.8159364220905403,8.81137568044125,485.2248995753621,0.3070225319523167,0.04643562743009932,0.07680322079985659
영풍,2023-09-13,0.14,523000.0,547000.0,523000.0,540000.0,1255.0,1842040,5841107705389.0,1372089335320.0,4469018370069.0,1056655325738.0,49066453028.0,81154532292.0,266534520924.0,1.8159364220905403,8.81137568044125,485.2248995753621,0.3070225319523167,0.04643562743009932,0.07680322079985659
영풍,2023-09-14,0.14,544000.0,549000.0,536000.0,549000.0,1813.0,1842040,5841107705389.0,1372089335320.0,4469018370069.0,1056655325738.0,49066453028.0,81154532292.0,266534520924.0,1.8159364220905403,8.81137568044125,485.2248995753621,0.3070225319523167,0.04643562743009932,0.07680322079985659
영풍,2023-09-15,0.14,553000.0,554000.0,544000.0,546000.0,1556.0,1842040,5841107705389.0,1372089335320.0,4469018370069.0,1056655325738.0,49066453028.0,81154532292.0,266534520924.0,1.8159364220905403,8.81137568044125,485.2248995753621,0.3070225319523167,0.04643562743009932,0.07680322079985659
영풍,2023-09-18,0.14,543000.0,554000.0,539000.0,547000.0,833.0,1842040,5841107705389.0,1372089335320.0,4469018370069.0,1056655325738.0,49066453028.0,81154532292.0,266534520924.0,1.8159364220905403,8.81137568044125,485.2248995753621,0.3070225319523167,0.04643562743009932,0.07680322079985659
영풍,2023-09-19,0.14,542000.0,549000.0,542000.0,542000.0,733.0,1842040,5841107705389.0,1372089335320.0,4469018370069.0,1056655325738.0,49066453028.0,81154532292.0,266534520924.0,1.8159364220905403,8.81137568044125,485.2248995753621,0.3070225319523167,0.04643562743009932,0.07680322079985659
영풍,2023-09-20,0.14,541000.0,547000.0,541000.0,544000.0,542.0,1842040,5841107705389.0,1372089335320.0,4469018370069.0,1056655325738.0,49066453028.0,81154532292.0,266534520924.0,1.8159364220905403,8.81137568044125,485.2248995753621,0.3070225319523167,0.04643562743009932,0.07680322079985659
영풍,2023-09-21,0.14,541000.0,544000.0,530000.0,530000.0,868.0,1842040,5841107705389.0,1372089335320.0,4469018370069.0,1056655325738.0,49066453028.0,81154532292.0,266534520924.0,1.8159364220905403,8.81137568044125,485.2248995753621,0.3070225319523167,0.04643562743009932,0.07680322079985659
영풍,2023-09-22,0.14,526000.0,536000.0,525000.0,536000.0,832.0,1842040,5841107705389.0,1372089335320.0,4469018370069.0,1056655325738.0,49066453028.0,81154532292.0,266534520924.0,1.8159364220905403,8.81137568044125,485.2248995753621,0.3070225319523167,0.04643562743009932,0.07680322079985659
영풍,2023-09-25,0.14,529000.0,539000.0,529000.0,538000.0,689.0,1842040,5841107705389.0,1372089335320.0,4469018370069.0,1056655325738.0,49066453028.0,81154532292.0,266534520924.0,1.8159364220905403,8.81137568044125,485.2248995753621,0.3070225319523167,0.04643562743009932,0.07680322079985659
영풍,2023-09-26,0.14,533000.0,534000.0,508000.0,510000.0,3425.0,1842040,5841107705389.0,1372089335320.0,4469018370069.0,1056655325738.0,49066453028.0,81154532292.0,266534520924.0,1.8159364220905403,8.81137568044125,485.2248995753621,0.3070225319523167,0.04643562743009932,0.07680322079985659
영풍,2023-09-27,0.14,505000.0,515000.0,505000.0,514000.0,1172.0,1842040,5841107705389.0,1372089335320.0,4469018370069.0,1056655325738.0,49066453028.0,81154532292.0,266534520924.0,1.8159364220905403,8.81137568044125,485.2248995753621,0.3070225319523167,0.04643562743009932,0.07680322079985659
영풍,2023-10-04,0.14,510000.0,510000.0,499000.0,500000.0,2138.0,1842040,5568116970055.0,1285348175271.0,4282768794784.0,3761732632263.0,-169812608768.0,-83369162564.0,313102618672.0,-1.9466183340444527,-9.051829771774772,465.0028006757725,0.30012084164721436,-0.04514212608083296,-0.02216243702409185
영풍,2023-10-05,0.14,501000.0,511000.0,499500.0,503000.0,1062.0,1842040,5568116970055.0,1285348175271.0,4282768794784.0,3761732632263.0,-169812608768.0,-83369162564.0,313102618672.0,-1.9466183340444527,-9.051829771774772,465.0028006757725,0.30012084164721436,-0.04514212608083296,-0.02216243702409185
영풍,2023-10-06,0.14,498000.0,510000.0,498000.0,510000.0,1022.0,1842040,5568116970055.0,1285348175271.0,4282768794784.0,3761732632263.0,-169812608768.0,-83369162564.0,313102618672.0,-1.9466183340444527,-9.051829771774772,465.0028006757725,0.30012084164721436,-0.04514212608083296,-0.02216243702409185
영풍,2023-10-10,0.14,515000.0,516000.0,504000.0,513000.0,1232.0,1842040,5568116970055.0,1285348175271.0,4282768794784.0,3761732632263.0,-169812608768.0,-83369162564.0,313102618672.0,-1.9466183340444527,-9.051829771774772,465.0028006757725,0.30012084164721436,-0.04514212608083296,-0.02216243702409185
영풍,2023-10-11,0.14,512000.0,516000.0,506000.0,507000.0,950.0,1842040,5568116970055.0,1285348175271.0,4282768794784.0,3761732632263.0,-169812608768.0,-83369162564.0,313102618672.0,-1.9466183340444527,-9.051829771774772,465.0028006757725,0.30012084164721436,-0.04514212608083296,-0.02216243702409185
영풍,2023-10-12,0.14,507000.0,518000.0,506000.0,517000.0,1351.0,1842040,5568116970055.0,1285348175271.0,4282768794784.0,3761732632263.0,-169812608768.0,-83369162564.0,313102618672.0,-1.9466183340444527,-9.051829771774772,465.0028006757725,0.30012084164721436,-0.04514212608083296,-0.02216243702409185
영풍,2023-10-13,0.14,512000.0,521000.0,512000.0,518000.0,591.0,1842040,5568116970055.0,1285348175271.0,4282768794784.0,3761732632263.0,-169812608768.0,-83369162564.0,313102618672.0,-1.9466183340444527,-9.051829771774772,465.0028006757725,0.30012084164721436,-0.04514212608083296,-0.02216243702409185
영풍,2023-10-16,0.14,515000.0,518000.0,504000.0,513000.0,971.0,1842040,5568116970055.0,1285348175271.0,4282768794784.0,3761732632263.0,-169812608768.0,-83369162564.0,313102618672.0,-1.9466183340444527,-9.051829771774772,465.0028006757725,0.30012084164721436,-0.04514212608083296,-0.02216243702409185
영풍,2023-10-17,0.14,518000.0,518000.0,505000.0,509000.0,603.0,1842040,5568116970055.0,1285348175271.0,4282768794784.0,3761732632263.0,-169812608768.0,-83369162564.0,313102618672.0,-1.9466183340444527,-9.051829771774772,465.0028006757725,0.30012084164721436,-0.04514212608083296,-0.02216243702409185
영풍,2023-10-18,0.14,510000.0,513000.0,500000.0,508000.0,911.0,1842040,5568116970055.0,1285348175271.0,4282768794784.0,3761732632263.0,-169812608768.0,-83369162564.0,313102618672.0,-1.9466183340444527,-9.051829771774772,465.0028006757725,0.30012084164721436,-0.04514212608083296,-0.02216243702409185
영풍,2023-10-19,0.14,503000.0,505000.0,497500.0,499500.0,1734.0,1842040,5568116970055.0,1285348175271.0,4282768794784.0,3761732632263.0,-169812608768.0,-83369162564.0,313102618672.0,-1.9466183340444527,-9.051829771774772,465.0028006757725,0.30012084164721436,-0.04514212608083296,-0.02216243702409185
영풍,2023-10-20,0.14,498000.0,498500.0,488500.0,495000.0,1632.0,1842040,5568116970055.0,1285348175271.0,4282768794784.0,3761732632263.0,-169812608768.0,-83369162564.0,313102618672.0,-1.9466183340444527,-9.051829771774772,465.0028006757725,0.30012084164721436,-0.04514212608083296,-0.02216243702409185
영풍,2023-10-23,0.14,489000.0,494000.0,486500.0,492500.0,1368.0,1842040,5568116970055.0,1285348175271.0,4282768794784.0,3761732632263.0,-169812608768.0,-83369162564.0,313102618672.0,-1.9466183340444527,-9.051829771774772,465.0028006757725,0.30012084164721436,-0.04514212608083296,-0.02216243702409185
영풍,2023-10-24,0.14,495000.0,495000.0,472500.0,493000.0,2178.0,1842040,5568116970055.0,1285348175271.0,4282768794784.0,3761732632263.0,-169812608768.0,-83369162564.0,313102618672.0,-1.9466183340444527,-9.051829771774772,465.0028006757725,0.30012084164721436,-0.04514212608083296,-0.02216243702409185
영풍,2023-10-25,0.14,489500.0,505000.0,489500.0,499000.0,1314.0,1842040,5568116970055.0,1285348175271.0,4282768794784.0,3761732632263.0,-169812608768.0,-83369162564.0,313102618672.0,-1.9466183340444527,-9.051829771774772,465.0028006757725,0.30012084164721436,-0.04514212608083296,-0.02216243702409185
영풍,2023-10-26,0.14,498000.0,498500.0,488000.0,493000.0,819.0,1842040,5568116970055.0,1285348175271.0,4282768794784.0,3761732632263.0,-169812608768.0,-83369162564.0,313102618672.0,-1.9466183340444527,-9.051829771774772,465.0028006757725,0.30012084164721436,-0.04514212608083296,-0.02216243702409185
영풍,2023-10-27,0.14,498000.0,498000.0,483500.0,489000.0,1042.0,1842040,5568116970055.0,1285348175271.0,4282768794784.0,3761732632263.0,-169812608768.0,-83369162564.0,313102618672.0,-1.9466183340444527,-9.051829771774772,465.0028006757725,0.30012084164721436,-0.04514212608083296,-0.02216243702409185
영풍,2023-10-30,0.14,481500.0,494500.0,481500.0,494500.0,1213.0,1842040,5568116970055.0,1285348175271.0,4282768794784.0,3761732632263.0,-169812608768.0,-83369162564.0,313102618672.0,-1.9466183340444527,-9.051829771774772,465.0028006757725,0.30012084164721436,-0.04514212608083296,-0.02216243702409185
영풍,2023-10-31,0.14,499000.0,499500.0,462000.0,469500.0,3161.0,1842040,5568116970055.0,1285348175271.0,4282768794784.0,3761732632263.0,-169812608768.0,-83369162564.0,313102618672.0,-1.9466183340444527,-9.051829771774772,465.0028006757725,0.30012084164721436,-0.04514212608083296,-0.02216243702409185
영풍,2023-11-01,0.14,469000.0,476500.0,454000.0,467000.0,2228.0,1842040,5568116970055.0,1285348175271.0,4282768794784.0,3761732632263.0,-169812608768.0,-83369162564.0,313102618672.0,-1.9466183340444527,-9.051829771774772,465.0028006757725,0.30012084164721436,-0.04514212608083296,-0.02216243702409185
영풍,2023-11-02,0.14,473000.0,478000.0,471500.0,478000.0,1564.0,1842040,5568116970055.0,1285348175271.0,4282768794784.0,3761732632263.0,-169812608768.0,-83369162564.0,313102618672.0,-1.9466183340444527,-9.051829771774772,465.0028006757725,0.30012084164721436,-0.04514212608083296,-0.02216243702409185
영풍,2023-11-03,0.14,489000.0,491000.0,479500.0,483500.0,1298.0,1842040,5568116970055.0,1285348175271.0,4282768794784.0,3761732632263.0,-169812608768.0,-83369162564.0,313102618672.0,-1.9466183340444527,-9.051829771774772,465.0028006757725,0.30012084164721436,-0.04514212608083296,-0.02216243702409185
영풍,2023-11-06,0.14,493000.0,500000.0,484500.0,500000.0,1667.0,1842040,5568116970055.0,1285348175271.0,4282768794784.0,3761732632263.0,-169812608768.0,-83369162564.0,313102618672.0,-1.9466183340444527,-9.051829771774772,465.0028006757725,0.30012084164721436,-0.04514212608083296,-0.02216243702409185
영풍,2023-11-07,0.14,498500.0,498500.0,487000.0,491000.0,1210.0,1842040,5568116970055.0,1285348175271.0,4282768794784.0,3761732632263.0,-169812608768.0,-83369162564.0,313102618672.0,-1.9466183340444527,-9.051829771774772,465.0028006757725,0.30012084164721436,-0.04514212608083296,-0.02216243702409185
영풍,2023-11-08,0.14,500000.0,500000.0,487000.0,493000.0,1036.0,1842040,5568116970055.0,1285348175271.0,4282768794784.0,3761732632263.0,-169812608768.0,-83369162564.0,313102618672.0,-1.9466183340444527,-9.051829771774772,465.0028006757725,0.30012084164721436,-0.04514212608083296,-0.02216243702409185
영풍,2023-11-09,0.14,493500.0,498500.0,486000.0,490000.0,1157.0,1842040,5568116970055.0,1285348175271.0,4282768794784.0,3761732632263.0,-169812608768.0,-83369162564.0,313102618672.0,-1.9466183340444527,-9.051829771774772,465.0028006757725,0.30012084164721436,-0.04514212608083296,-0.02216243702409185
영풍,2023-11-10,0.14,485500.0,490000.0,478000.0,487000.0,578.0,1842040,5568116970055.0,1285348175271.0,4282768794784.0,3761732632263.0,-169812608768.0,-83369162564.0,313102618672.0,-1.9466183340444527,-9.051829771774772,465.0028006757725,0.30012084164721436,-0.04514212608083296,-0.02216243702409185
영풍,2023-11-13,0.14,492000.0,495000.0,485000.0,488000.0,580.0,1842040,5568116970055.0,1285348175271.0,4282768794784.0,3761732632263.0,-169812608768.0,-83369162564.0,313102618672.0,-1.9466183340444527,-9.051829771774772,465.0028006757725,0.30012084164721436,-0.04514212608083296,-0.02216243702409185
영풍,2023-11-14,0.14,494500.0,498500.0,492500.0,496500.0,868.0,1842040,5568116970055.0,1285348175271.0,4282768794784.0,3761732632263.0,-169812608768.0,-83369162564.0,313102618672.0,-1.9466183340444527,-9.051829771774772,465.0028006757725,0.30012084164721436,-0.04514212608083296,-0.02216243702409185
영풍,2023-11-15,0.14,500000.0,511000.0,500000.0,509000.0,1643.0,1842040,5568116970055.0,1285348175271.0,4282768794784.0,3761732632263.0,-169812608768.0,-83369162564.0,313102618672.0,-1.9466183340444527,-9.051829771774772,465.0028006757725,0.30012084164721436,-0.04514212608083296,-0.02216243702409185
영풍,2023-11-16,0.14,509000.0,513000.0,502000.0,510000.0,597.0,1842040,5568116970055.0,1285348175271.0,4282768794784.0,3761732632263.0,-169812608768.0,-83369162564.0,313102618672.0,-1.9466183340444527,-9.051829771774772,465.0028006757725,0.30012084164721436,-0.04514212608083296,-0.02216243702409185
영풍,2023-11-17,0.14,505000.0,510000.0,503000.0,508000.0,457.0,1842040,5568116970055.0,1285348175271.0,4282768794784.0,3761732632263.0,-169812608768.0,-83369162564.0,313102618672.0,-1.9466183340444527,-9.051829771774772,465.0028006757725,0.30012084164721436,-0.04514212608083296,-0.02216243702409185
영풍,2023-11-20,0.14,509000.0,511000.0,502000.0,509000.0,566.0,1842040,5568116970055.0,1285348175271.0,4282768794784.0,3761732632263.0,-169812608768.0,-83369162564.0,313102618672.0,-1.9466183340444527,-9.051829771774772,465.0028006757725,0.30012084164721436,-0.04514212608083296,-0.02216243702409185
영풍,2023-11-21,0.14,512000.0,512000.0,505000.0,508000.0,716.0,1842040,5568116970055.0,1285348175271.0,4282768794784.0,3761732632263.0,-169812608768.0,-83369162564.0,313102618672.0,-1.9466183340444527,-9.051829771774772,465.0028006757725,0.30012084164721436,-0.04514212608083296,-0.02216243702409185
영풍,2023-11-22,0.14,504000.0,509000.0,504000.0,505000.0,489.0,1842040,5568116970055.0,1285348175271.0,4282768794784.0,3761732632263.0,-169812608768.0,-83369162564.0,313102618672.0,-1.9466183340444527,-9.051829771774772,465.0028006757725,0.30012084164721436,-0.04514212608083296,-0.02216243702409185
영풍,2023-11-23,0.14,504000.0,510000.0,501000.0,510000.0,618.0,1842040,5568116970055.0,1285348175271.0,4282768794784.0,3761732632263.0,-169812608768.0,-83369162564.0,313102618672.0,-1.9466183340444527,-9.051829771774772,465.0028006757725,0.30012084164721436,-0.04514212608083296,-0.02216243702409185
영풍,2023-11-24,0.14,511000.0,513000.0,508000.0,513000.0,647.0,1842040,5568116970055.0,1285348175271.0,4282768794784.0,3761732632263.0,-169812608768.0,-83369162564.0,313102618672.0,-1.9466183340444527,-9.051829771774772,465.0028006757725,0.30012084164721436,-0.04514212608083296,-0.02216243702409185
영풍,2023-11-27,0.14,512000.0,516000.0,510000.0,515000.0,508.0,1842040,5568116970055.0,1285348175271.0,4282768794784.0,3761732632263.0,-169812608768.0,-83369162564.0,313102618672.0,-1.9466183340444527,-9.051829771774772,465.0028006757725,0.30012084164721436,-0.04514212608083296,-0.02216243702409185
영풍,2023-11-28,0.14,516000.0,518000.0,510000.0,517000.0,1186.0,1842040,5568116970055.0,1285348175271.0,4282768794784.0,3761732632263.0,-169812608768.0,-83369162564.0,313102618672.0,-1.9466183340444527,-9.051829771774772,465.0028006757725,0.30012084164721436,-0.04514212608083296,-0.02216243702409185
영풍,2023-11-29,0.14,509000.0,517000.0,506000.0,509000.0,960.0,1842040,5568116970055.0,1285348175271.0,4282768794784.0,3761732632263.0,-169812608768.0,-83369162564.0,313102618672.0,-1.9466183340444527,-9.051829771774772,465.0028006757725,0.30012084164721436,-0.04514212608083296,-0.02216243702409185
영풍,2023-11-30,0.14,515000.0,516000.0,508000.0,510000.0,560.0,1842040,5568116970055.0,1285348175271.0,4282768794784.0,3761732632263.0,-169812608768.0,-83369162564.0,313102618672.0,-1.9466183340444527,-9.051829771774772,465.0028006757725,0.30012084164721436,-0.04514212608083296,-0.02216243702409185
영풍,2023-12-01,0.14,507000.0,516000.0,504000.0,509000.0,10451.0,1842040,5568116970055.0,1285348175271.0,4282768794784.0,3761732632263.0,-169812608768.0,-83369162564.0,313102618672.0,-1.9466183340444527,-9.051829771774772,465.0028006757725,0.30012084164721436,-0.04514212608083296,-0.02216243702409185
영풍,2023-12-04,0.14,517000.0,537000.0,515000.0,536000.0,2660.0,1842040,5568116970055.0,1285348175271.0,4282768794784.0,3761732632263.0,-169812608768.0,-83369162564.0,313102618672.0,-1.9466183340444527,-9.051829771774772,465.0028006757725,0.30012084164721436,-0.04514212608083296,-0.02216243702409185
영풍,2023-12-05,0.14,528000.0,548000.0,528000.0,546000.0,2665.0,1842040,5568116970055.0,1285348175271.0,4282768794784.0,3761732632263.0,-169812608768.0,-83369162564.0,313102618672.0,-1.9466183340444527,-9.051829771774772,465.0028006757725,0.30012084164721436,-0.04514212608083296,-0.02216243702409185
영풍,2023-12-06,0.14,545000.0,550000.0,537000.0,543000.0,1048.0,1842040,5568116970055.0,1285348175271.0,4282768794784.0,3761732632263.0,-169812608768.0,-83369162564.0,313102618672.0,-1.9466183340444527,-9.051829771774772,465.0028006757725,0.30012084164721436,-0.04514212608083296,-0.02216243702409185
영풍,2023-12-07,0.14,536000.0,538000.0,525000.0,538000.0,940.0,1842040,5568116970055.0,1285348175271.0,4282768794784.0,3761732632263.0,-169812608768.0,-83369162564.0,313102618672.0,-1.9466183340444527,-9.051829771774772,465.0028006757725,0.30012084164721436,-0.04514212608083296,-0.02216243702409185
영풍,2023-12-08,0.14,533000.0,543000.0,522000.0,527000.0,1006.0,1842040,5568116970055.0,1285348175271.0,4282768794784.0,3761732632263.0,-169812608768.0,-83369162564.0,313102618672.0,-1.9466183340444527,-9.051829771774772,465.0028006757725,0.30012084164721436,-0.04514212608083296,-0.02216243702409185
영풍,2023-12-11,0.14,520000.0,530000.0,520000.0,530000.0,1014.0,1842040,5568116970055.0,1285348175271.0,4282768794784.0,3761732632263.0,-169812608768.0,-83369162564.0,313102618672.0,-1.9466183340444527,-9.051829771774772,465.0028006757725,0.30012084164721436,-0.04514212608083296,-0.02216243702409185
영풍,2023-12-12,0.14,535000.0,539000.0,522000.0,522000.0,1215.0,1842040,5568116970055.0,1285348175271.0,4282768794784.0,3761732632263.0,-169812608768.0,-83369162564.0,313102618672.0,-1.9466183340444527,-9.051829771774772,465.0028006757725,0.30012084164721436,-0.04514212608083296,-0.02216243702409185
영풍,2023-12-13,0.14,518000.0,527000.0,513000.0,513000.0,1340.0,1842040,5568116970055.0,1285348175271.0,4282768794784.0,3761732632263.0,-169812608768.0,-83369162564.0,313102618672.0,-1.9466183340444527,-9.051829771774772,465.0028006757725,0.30012084164721436,-0.04514212608083296,-0.02216243702409185
영풍,2023-12-14,0.14,521000.0,530000.0,497500.0,500000.0,3430.0,1842040,5568116970055.0,1285348175271.0,4282768794784.0,3761732632263.0,-169812608768.0,-83369162564.0,313102618672.0,-1.9466183340444527,-9.051829771774772,465.0028006757725,0.30012084164721436,-0.04514212608083296,-0.02216243702409185
영풍,2023-12-15,0.14,505000.0,513000.0,499000.0,507000.0,1970.0,1842040,5568116970055.0,1285348175271.0,4282768794784.0,3761732632263.0,-169812608768.0,-83369162564.0,313102618672.0,-1.9466183340444527,-9.051829771774772,465.0028006757725,0.30012084164721436,-0.04514212608083296,-0.02216243702409185
영풍,2023-12-18,0.14,506000.0,513000.0,500000.0,502000.0,1575.0,1842040,5568116970055.0,1285348175271.0,4282768794784.0,3761732632263.0,-169812608768.0,-83369162564.0,313102618672.0,-1.9466183340444527,-9.051829771774772,465.0028006757725,0.30012084164721436,-0.04514212608083296,-0.02216243702409185
영풍,2023-12-19,0.14,502000.0,509000.0,501000.0,509000.0,996.0,1842040,5568116970055.0,1285348175271.0,4282768794784.0,3761732632263.0,-169812608768.0,-83369162564.0,313102618672.0,-1.9466183340444527,-9.051829771774772,465.0028006757725,0.30012084164721436,-0.04514212608083296,-0.02216243702409185
영풍,2023-12-20,0.14,509000.0,524000.0,509000.0,518000.0,1218.0,1842040,5568116970055.0,1285348175271.0,4282768794784.0,3761732632263.0,-169812608768.0,-83369162564.0,313102618672.0,-1.9466183340444527,-9.051829771774772,465.0028006757725,0.30012084164721436,-0.04514212608083296,-0.02216243702409185
영풍,2023-12-21,0.14,517000.0,521000.0,505000.0,511000.0,1478.0,1842040,5568116970055.0,1285348175271.0,4282768794784.0,3761732632263.0,-169812608768.0,-83369162564.0,313102618672.0,-1.9466183340444527,-9.051829771774772,465.0028006757725,0.30012084164721436,-0.04514212608083296,-0.02216243702409185
영풍,2023-12-22,0.14,515000.0,515000.0,508000.0,513000.0,840.0,1842040,5568116970055.0,1285348175271.0,4282768794784.0,3761732632263.0,-169812608768.0,-83369162564.0,313102618672.0,-1.9466183340444527,-9.051829771774772,465.0028006757725,0.30012084164721436,-0.04514212608083296,-0.02216243702409185
영풍,2023-12-26,0.14,517000.0,517000.0,509000.0,517000.0,1201.0,1842040,5568116970055.0,1285348175271.0,4282768794784.0,3761732632263.0,-169812608768.0,-83369162564.0,313102618672.0,-1.9466183340444527,-9.051829771774772,465.0028006757725,0.30012084164721436,-0.04514212608083296,-0.02216243702409185
영풍,2023-12-27,0.14,517000.0,520000.0,508000.0,518000.0,1349.0,1842040,5568116970055.0,1285348175271.0,4282768794784.0,3761732632263.0,-169812608768.0,-83369162564.0,313102618672.0,-1.9466183340444527,-9.051829771774772,465.0028006757725,0.30012084164721436,-0.04514212608083296,-0.02216243702409185
영풍,2023-12-28,0.14,520000.0,525000.0,512000.0,516000.0,1267.0,1842040,5568116970055.0,1285348175271.0,4282768794784.0,3761732632263.0,-169812608768.0,-83369162564.0,313102618672.0,-1.9466183340444527,-9.051829771774772,465.0028006757725,0.30012084164721436,-0.04514212608083296,-0.02216243702409185
영풍,2024-01-02,0.14,511000.0,522000.0,511000.0,514000.0,566.0,1842040,5524987172161.0,1255542489682.0,4269444682479.0,741422366216.0,-43197515058.0,-8400290376.0,18367246242.0,-0.1967536998540633,-0.9120638396560335,463.5561315149508,0.29407629868926766,-0.05826303201300402,-0.01132996623621242
영풍,2024-01-03,0.14,510000.0,516000.0,505000.0,511000.0,1034.0,1842040,5524987172161.0,1255542489682.0,4269444682479.0,741422366216.0,-43197515058.0,-8400290376.0,18367246242.0,-0.1967536998540633,-0.9120638396560335,463.5561315149508,0.29407629868926766,-0.05826303201300402,-0.01132996623621242
영풍,2024-01-04,0.14,508000.0,514000.0,505000.0,510000.0,905.0,1842040,5524987172161.0,1255542489682.0,4269444682479.0,741422366216.0,-43197515058.0,-8400290376.0,18367246242.0,-0.1967536998540633,-0.9120638396560335,463.5561315149508,0.29407629868926766,-0.05826303201300402,-0.01132996623621242
영풍,2024-01-05,0.14,508000.0,520000.0,507000.0,509000.0,516.0,1842040,5524987172161.0,1255542489682.0,4269444682479.0,741422366216.0,-43197515058.0,-8400290376.0,18367246242.0,-0.1967536998540633,-0.9120638396560335,463.5561315149508,0.29407629868926766,-0.05826303201300402,-0.01132996623621242
영풍,2024-01-08,0.14,516000.0,516000.0,507000.0,507000.0,801.0,1842040,5524987172161.0,1255542489682.0,4269444682479.0,741422366216.0,-43197515058.0,-8400290376.0,18367246242.0,-0.1967536998540633,-0.9120638396560335,463.5561315149508,0.29407629868926766,-0.05826303201300402,-0.01132996623621242
영풍,2024-01-09,0.14,517000.0,517000.0,509000.0,512000.0,462.0,1842040,5524987172161.0,1255542489682.0,4269444682479.0,741422366216.0,-43197515058.0,-8400290376.0,18367246242.0,-0.1967536998540633,-0.9120638396560335,463.5561315149508,0.29407629868926766,-0.05826303201300402,-0.01132996623621242
영풍,2024-01-10,0.14,512000.0,513000.0,506000.0,506000.0,418.0,1842040,5524987172161.0,1255542489682.0,4269444682479.0,741422366216.0,-43197515058.0,-8400290376.0,18367246242.0,-0.1967536998540633,-0.9120638396560335,463.5561315149508,0.29407629868926766,-0.05826303201300402,-0.01132996623621242
영풍,2024-01-11,0.14,506000.0,510000.0,500000.0,506000.0,1487.0,1842040,5524987172161.0,1255542489682.0,4269444682479.0,741422366216.0,-43197515058.0,-8400290376.0,18367246242.0,-0.1967536998540633,-0.9120638396560335,463.5561315149508,0.29407629868926766,-0.05826303201300402,-0.01132996623621242
영풍,2024-01-12,0.14,509000.0,509000.0,496500.0,498000.0,875.0,1842040,5524987172161.0,1255542489682.0,4269444682479.0,741422366216.0,-43197515058.0,-8400290376.0,18367246242.0,-0.1967536998540633,-0.9120638396560335,463.5561315149508,0.29407629868926766,-0.05826303201300402,-0.01132996623621242
영풍,2024-01-15,0.14,498000.0,501000.0,490500.0,490500.0,1201.0,1842040,5524987172161.0,1255542489682.0,4269444682479.0,741422366216.0,-43197515058.0,-8400290376.0,18367246242.0,-0.1967536998540633,-0.9120638396560335,463.5561315149508,0.29407629868926766,-0.05826303201300402,-0.01132996623621242
영풍,2024-01-16,0.14,489000.0,491000.0,477000.0,482000.0,1456.0,1842040,5524987172161.0,1255542489682.0,4269444682479.0,741422366216.0,-43197515058.0,-8400290376.0,18367246242.0,-0.1967536998540633,-0.9120638396560335,463.5561315149508,0.29407629868926766,-0.05826303201300402,-0.01132996623621242
영풍,2024-01-17,0.14,482000.0,489500.0,473500.0,474500.0,1203.0,1842040,5524987172161.0,1255542489682.0,4269444682479.0,741422366216.0,-43197515058.0,-8400290376.0,18367246242.0,-0.1967536998540633,-0.9120638396560335,463.5561315149508,0.29407629868926766,-0.05826303201300402,-0.01132996623621242
영풍,2024-01-18,0.14,478000.0,478500.0,470500.0,473000.0,1097.0,1842040,5524987172161.0,1255542489682.0,4269444682479.0,741422366216.0,-43197515058.0,-8400290376.0,18367246242.0,-0.1967536998540633,-0.9120638396560335,463.5561315149508,0.29407629868926766,-0.05826303201300402,-0.01132996623621242
영풍,2024-01-19,0.14,476500.0,481000.0,462500.0,468000.0,2601.0,1842040,5524987172161.0,1255542489682.0,4269444682479.0,741422366216.0,-43197515058.0,-8400290376.0,18367246242.0,-0.1967536998540633,-0.9120638396560335,463.5561315149508,0.29407629868926766,-0.05826303201300402,-0.01132996623621242
영풍,2024-01-22,0.14,474500.0,476000.0,470000.0,470500.0,550.0,1842040,5524987172161.0,1255542489682.0,4269444682479.0,741422366216.0,-43197515058.0,-8400290376.0,18367246242.0,-0.1967536998540633,-0.9120638396560335,463.5561315149508,0.29407629868926766,-0.05826303201300402,-0.01132996623621242
영풍,2024-01-23,0.14,475500.0,478000.0,472000.0,478000.0,457.0,1842040,5524987172161.0,1255542489682.0,4269444682479.0,741422366216.0,-43197515058.0,-8400290376.0,18367246242.0,-0.1967536998540633,-0.9120638396560335,463.5561315149508,0.29407629868926766,-0.05826303201300402,-0.01132996623621242
영풍,2024-01-24,0.14,479500.0,481000.0,473500.0,473500.0,686.0,1842040,5524987172161.0,1255542489682.0,4269444682479.0,741422366216.0,-43197515058.0,-8400290376.0,18367246242.0,-0.1967536998540633,-0.9120638396560335,463.5561315149508,0.29407629868926766,-0.05826303201300402,-0.01132996623621242
영풍,2024-01-25,0.14,475000.0,478500.0,473500.0,476500.0,279.0,1842040,5524987172161.0,1255542489682.0,4269444682479.0,741422366216.0,-43197515058.0,-8400290376.0,18367246242.0,-0.1967536998540633,-0.9120638396560335,463.5561315149508,0.29407629868926766,-0.05826303201300402,-0.01132996623621242
영풍,2024-01-26,0.14,475000.0,487500.0,474000.0,477500.0,721.0,1842040,5524987172161.0,1255542489682.0,4269444682479.0,741422366216.0,-43197515058.0,-8400290376.0,18367246242.0,-0.1967536998540633,-0.9120638396560335,463.5561315149508,0.29407629868926766,-0.05826303201300402,-0.01132996623621242
영풍,2024-01-29,0.14,478500.0,526000.0,478500.0,511000.0,4280.0,1842040,5524987172161.0,1255542489682.0,4269444682479.0,741422366216.0,-43197515058.0,-8400290376.0,18367246242.0,-0.1967536998540633,-0.9120638396560335,463.5561315149508,0.29407629868926766,-0.05826303201300402,-0.01132996623621242
영풍,2024-01-30,0.14,526000.0,541000.0,514000.0,525000.0,3270.0,1842040,5524987172161.0,1255542489682.0,4269444682479.0,741422366216.0,-43197515058.0,-8400290376.0,18367246242.0,-0.1967536998540633,-0.9120638396560335,463.5561315149508,0.29407629868926766,-0.05826303201300402,-0.01132996623621242
영풍,2024-01-31,0.14,526000.0,541000.0,522000.0,528000.0,2688.0,1842040,5524987172161.0,1255542489682.0,4269444682479.0,741422366216.0,-43197515058.0,-8400290376.0,18367246242.0,-0.1967536998540633,-0.9120638396560335,463.5561315149508,0.29407629868926766,-0.05826303201300402,-0.01132996623621242
영풍,2024-02-01,0.14,527000.0,546000.0,525000.0,533000.0,5734.0,1842040,5524987172161.0,1255542489682.0,4269444682479.0,741422366216.0,-43197515058.0,-8400290376.0,18367246242.0,-0.1967536998540633,-0.9120638396560335,463.5561315149508,0.29407629868926766,-0.05826303201300402,-0.01132996623621242
영풍,2024-02-02,0.14,534000.0,535000.0,510000.0,528000.0,6458.0,1842040,5524987172161.0,1255542489682.0,4269444682479.0,741422366216.0,-43197515058.0,-8400290376.0,18367246242.0,-0.1967536998540633,-0.9120638396560335,463.5561315149508,0.29407629868926766,-0.05826303201300402,-0.01132996623621242
영풍,2024-02-05,0.14,535000.0,545000.0,524000.0,544000.0,5333.0,1842040,5524987172161.0,1255542489682.0,4269444682479.0,741422366216.0,-43197515058.0,-8400290376.0,18367246242.0,-0.1967536998540633,-0.9120638396560335,463.5561315149508,0.29407629868926766,-0.05826303201300402,-0.01132996623621242
영풍,2024-02-06,0.14,534000.0,547000.0,519000.0,520000.0,2982.0,1842040,5524987172161.0,1255542489682.0,4269444682479.0,741422366216.0,-43197515058.0,-8400290376.0,18367246242.0,-0.1967536998540633,-0.9120638396560335,463.5561315149508,0.29407629868926766,-0.05826303201300402,-0.01132996623621242
영풍,2024-02-07,0.14,528000.0,536000.0,520000.0,533000.0,2055.0,1842040,5524987172161.0,1255542489682.0,4269444682479.0,741422366216.0,-43197515058.0,-8400290376.0,18367246242.0,-0.1967536998540633,-0.9120638396560335,463.5561315149508,0.29407629868926766,-0.05826303201300402,-0.01132996623621242
영풍,2024-02-08,0.14,534000.0,539000.0,524000.0,529000.0,1991.0,1842040,5524987172161.0,1255542489682.0,4269444682479.0,741422366216.0,-43197515058.0,-8400290376.0,18367246242.0,-0.1967536998540633,-0.9120638396560335,463.5561315149508,0.29407629868926766,-0.05826303201300402,-0.01132996623621242
영풍,2024-02-13,0.14,535000.0,538000.0,525000.0,529000.0,1909.0,1842040,5524987172161.0,1255542489682.0,4269444682479.0,741422366216.0,-43197515058.0,-8400290376.0,18367246242.0,-0.1967536998540633,-0.9120638396560335,463.5561315149508,0.29407629868926766,-0.05826303201300402,-0.01132996623621242
영풍,2024-02-14,0.14,518000.0,524000.0,513000.0,515000.0,1773.0,1842040,5524987172161.0,1255542489682.0,4269444682479.0,741422366216.0,-43197515058.0,-8400290376.0,18367246242.0,-0.1967536998540633,-0.9120638396560335,463.5561315149508,0.29407629868926766,-0.05826303201300402,-0.01132996623621242
영풍,2024-02-15,0.14,520000.0,520000.0,508000.0,509000.0,1255.0,1842040,5524987172161.0,1255542489682.0,4269444682479.0,741422366216.0,-43197515058.0,-8400290376.0,18367246242.0,-0.1967536998540633,-0.9120638396560335,463.5561315149508,0.29407629868926766,-0.05826303201300402,-0.01132996623621242
영풍,2024-02-16,0.14,515000.0,519000.0,513000.0,518000.0,1116.0,1842040,5524987172161.0,1255542489682.0,4269444682479.0,741422366216.0,-43197515058.0,-8400290376.0,18367246242.0,-0.1967536998540633,-0.9120638396560335,463.5561315149508,0.29407629868926766,-0.05826303201300402,-0.01132996623621242
영풍,2024-02-19,0.14,522000.0,540000.0,518000.0,530000.0,2247.0,1842040,5524987172161.0,1255542489682.0,4269444682479.0,741422366216.0,-43197515058.0,-8400290376.0,18367246242.0,-0.1967536998540633,-0.9120638396560335,463.5561315149508,0.29407629868926766,-0.05826303201300402,-0.01132996623621242
영풍,2024-02-20,0.14,532000.0,532000.0,519000.0,521000.0,1289.0,1842040,5524987172161.0,1255542489682.0,4269444682479.0,741422366216.0,-43197515058.0,-8400290376.0,18367246242.0,-0.1967536998540633,-0.9120638396560335,463.5561315149508,0.29407629868926766,-0.05826303201300402,-0.01132996623621242
영풍,2024-02-21,0.14,521000.0,532000.0,517000.0,525000.0,2169.0,1842040,5524987172161.0,1255542489682.0,4269444682479.0,741422366216.0,-43197515058.0,-8400290376.0,18367246242.0,-0.1967536998540633,-0.9120638396560335,463.5561315149508,0.29407629868926766,-0.05826303201300402,-0.01132996623621242
영풍,2024-02-22,0.14,530000.0,530000.0,516000.0,516000.0,1243.0,1842040,5524987172161.0,1255542489682.0,4269444682479.0,741422366216.0,-43197515058.0,-8400290376.0,18367246242.0,-0.1967536998540633,-0.9120638396560335,463.5561315149508,0.29407629868926766,-0.05826303201300402,-0.01132996623621242
영풍,2024-02-23,0.14,519000.0,520000.0,512000.0,517000.0,921.0,1842040,5524987172161.0,1255542489682.0,4269444682479.0,741422366216.0,-43197515058.0,-8400290376.0,18367246242.0,-0.1967536998540633,-0.9120638396560335,463.5561315149508,0.29407629868926766,-0.05826303201300402,-0.01132996623621242
영풍,2024-02-26,0.14,517000.0,520000.0,505000.0,511000.0,990.0,1842040,5524987172161.0,1255542489682.0,4269444682479.0,741422366216.0,-43197515058.0,-8400290376.0,18367246242.0,-0.1967536998540633,-0.9120638396560335,463.5561315149508,0.29407629868926766,-0.05826303201300402,-0.01132996623621242
영풍,2024-02-27,0.14,514000.0,514000.0,501000.0,507000.0,1053.0,1842040,5524987172161.0,1255542489682.0,4269444682479.0,741422366216.0,-43197515058.0,-8400290376.0,18367246242.0,-0.1967536998540633,-0.9120638396560335,463.5561315149508,0.29407629868926766,-0.05826303201300402,-0.01132996623621242
영풍,2024-02-28,0.14,511000.0,515000.0,505000.0,510000.0,907.0,1842040,5524987172161.0,1255542489682.0,4269444682479.0,741422366216.0,-43197515058.0,-8400290376.0,18367246242.0,-0.1967536998540633,-0.9120638396560335,463.5561315149508,0.29407629868926766,-0.05826303201300402,-0.01132996623621242
영풍,2024-02-29,0.14,510000.0,513000.0,504000.0,504000.0,1390.0,1842040,5524987172161.0,1255542489682.0,4269444682479.0,741422366216.0,-43197515058.0,-8400290376.0,18367246242.0,-0.1967536998540633,-0.9120638396560335,463.5561315149508,0.29407629868926766,-0.05826303201300402,-0.01132996623621242
영풍,2024-03-04,0.14,511000.0,512000.0,501000.0,501000.0,936.0,1842040,5524987172161.0,1255542489682.0,4269444682479.0,741422366216.0,-43197515058.0,-8400290376.0,18367246242.0,-0.1967536998540633,-0.9120638396560335,463.5561315149508,0.29407629868926766,-0.05826303201300402,-0.01132996623621242
영풍,2024-03-05,0.14,508000.0,510000.0,501000.0,503000.0,1186.0,1842040,5524987172161.0,1255542489682.0,4269444682479.0,741422366216.0,-43197515058.0,-8400290376.0,18367246242.0,-0.1967536998540633,-0.9120638396560335,463.5561315149508,0.29407629868926766,-0.05826303201300402,-0.01132996623621242
영풍,2024-03-06,0.14,504000.0,504000.0,496500.0,498500.0,1055.0,1842040,5524987172161.0,1255542489682.0,4269444682479.0,741422366216.0,-43197515058.0,-8400290376.0,18367246242.0,-0.1967536998540633,-0.9120638396560335,463.5561315149508,0.29407629868926766,-0.05826303201300402,-0.01132996623621242
영풍,2024-03-07,0.14,498000.0,498500.0,492500.0,495000.0,1114.0,1842040,5524987172161.0,1255542489682.0,4269444682479.0,741422366216.0,-43197515058.0,-8400290376.0,18367246242.0,-0.1967536998540633,-0.9120638396560335,463.5561315149508,0.29407629868926766,-0.05826303201300402,-0.01132996623621242
영풍,2024-03-08,0.14,501000.0,505000.0,496000.0,498500.0,729.0,1842040,5524987172161.0,1255542489682.0,4269444682479.0,741422366216.0,-43197515058.0,-8400290376.0,18367246242.0,-0.1967536998540633,-0.9120638396560335,463.5561315149508,0.29407629868926766,-0.05826303201300402,-0.01132996623621242
영풍,2024-03-11,0.14,498500.0,499500.0,484500.0,484500.0,1616.0,1842040,5524987172161.0,1255542489682.0,4269444682479.0,741422366216.0,-43197515058.0,-8400290376.0,18367246242.0,-0.1967536998540633,-0.9120638396560335,463.5561315149508,0.29407629868926766,-0.05826303201300402,-0.01132996623621242
영풍,2024-03-12,0.14,489000.0,492000.0,484500.0,489500.0,1002.0,1842040,5524987172161.0,1255542489682.0,4269444682479.0,741422366216.0,-43197515058.0,-8400290376.0,18367246242.0,-0.1967536998540633,-0.9120638396560335,463.5561315149508,0.29407629868926766,-0.05826303201300402,-0.01132996623621242
영풍,2024-03-13,0.14,494000.0,495000.0,488000.0,488000.0,734.0,1842040,5524987172161.0,1255542489682.0,4269444682479.0,741422366216.0,-43197515058.0,-8400290376.0,18367246242.0,-0.1967536998540633,-0.9120638396560335,463.5561315149508,0.29407629868926766,-0.05826303201300402,-0.01132996623621242
영풍,2024-03-14,0.14,491000.0,496000.0,487500.0,491500.0,2143.0,1842040,5524987172161.0,1255542489682.0,4269444682479.0,741422366216.0,-43197515058.0,-8400290376.0,18367246242.0,-0.1967536998540633,-0.9120638396560335,463.5561315149508,0.29407629868926766,-0.05826303201300402,-0.01132996623621242
영풍,2024-03-15,0.14,491500.0,491500.0,479000.0,479000.0,2087.0,1842040,5524987172161.0,1255542489682.0,4269444682479.0,741422366216.0,-43197515058.0,-8400290376.0,18367246242.0,-0.1967536998540633,-0.9120638396560335,463.5561315149508,0.29407629868926766,-0.05826303201300402,-0.01132996623621242
영풍,2024-03-18,0.14,483500.0,483500.0,468500.0,470500.0,1949.0,1842040,5524987172161.0,1255542489682.0,4269444682479.0,741422366216.0,-43197515058.0,-8400290376.0,18367246242.0,-0.1967536998540633,-0.9120638396560335,463.5561315149508,0.29407629868926766,-0.05826303201300402,-0.01132996623621242
영풍,2024-03-19,0.14,470000.0,474500.0,467000.0,468000.0,1323.0,1842040,5524987172161.0,1255542489682.0,4269444682479.0,741422366216.0,-43197515058.0,-8400290376.0,18367246242.0,-0.1967536998540633,-0.9120638396560335,463.5561315149508,0.29407629868926766,-0.05826303201300402,-0.01132996623621242
영풍,2024-03-20,0.14,473000.0,473000.0,466000.0,466500.0,1222.0,1842040,5524987172161.0,1255542489682.0,4269444682479.0,741422366216.0,-43197515058.0,-8400290376.0,18367246242.0,-0.1967536998540633,-0.9120638396560335,463.5561315149508,0.29407629868926766,-0.05826303201300402,-0.01132996623621242
영풍,2024-03-21,0.14,470000.0,483000.0,470000.0,481500.0,1610.0,1842040,5524987172161.0,1255542489682.0,4269444682479.0,741422366216.0,-43197515058.0,-8400290376.0,18367246242.0,-0.1967536998540633,-0.9120638396560335,463.5561315149508,0.29407629868926766,-0.05826303201300402,-0.01132996623621242
영풍,2024-03-22,0.14,481500.0,487500.0,480000.0,483000.0,1001.0,1842040,5524987172161.0,1255542489682.0,4269444682479.0,741422366216.0,-43197515058.0,-8400290376.0,18367246242.0,-0.1967536998540633,-0.9120638396560335,463.5561315149508,0.29407629868926766,-0.05826303201300402,-0.01132996623621242
영풍,2024-03-25,0.14,483000.0,487500.0,475000.0,475000.0,1168.0,1842040,5524987172161.0,1255542489682.0,4269444682479.0,741422366216.0,-43197515058.0,-8400290376.0,18367246242.0,-0.1967536998540633,-0.9120638396560335,463.5561315149508,0.29407629868926766,-0.05826303201300402,-0.01132996623621242
영풍,2024-03-26,0.14,475000.0,481500.0,475000.0,476500.0,1019.0,1842040,5524987172161.0,1255542489682.0,4269444682479.0,741422366216.0,-43197515058.0,-8400290376.0,18367246242.0,-0.1967536998540633,-0.9120638396560335,463.5561315149508,0.29407629868926766,-0.05826303201300402,-0.01132996623621242
영풍,2024-03-27,0.14,473000.0,482000.0,473000.0,479500.0,683.0,1842040,5524987172161.0,1255542489682.0,4269444682479.0,741422366216.0,-43197515058.0,-8400290376.0,18367246242.0,-0.1967536998540633,-0.9120638396560335,463.5561315149508,0.29407629868926766,-0.05826303201300402,-0.01132996623621242
영풍,2024-03-28,0.14,483000.0,483000.0,475000.0,477000.0,597.0,1842040,5524987172161.0,1255542489682.0,4269444682479.0,741422366216.0,-43197515058.0,-8400290376.0,18367246242.0,-0.1967536998540633,-0.9120638396560335,463.5561315149508,0.29407629868926766,-0.05826303201300402,-0.01132996623621242
영풍,2024-03-29,0.14,482500.0,482500.0,467500.0,472000.0,938.0,1842040,5524987172161.0,1255542489682.0,4269444682479.0,741422366216.0,-43197515058.0,-8400290376.0,18367246242.0,-0.1967536998540633,-0.9120638396560335,463.5561315149508,0.29407629868926766,-0.05826303201300402,-0.01132996623621242
