종목명,날짜,PBR,시가,고가,저가,종가,거래량,상장주식수,자산 총액,부채 총액,자본 총액,매출액,영업이익,순이익,현금 흐름,ROE,EPS,BPS,부채비율,영업이익률,순이익률,ROA,매출액 증가율
전방,2023-04-03,0.12,39350.0,39350.0,37400.0,38050.0,5666.0,1680000.0,260277322970.0,66057344957.0,194219978013.0,25631685883.0,-7992890453.0,-6076171037.0,-47199142391.0,-3.128499497921524,-0.7233536948809524,23.12142595392857,0.3401161179854448,-0.3118363142200185,-0.2370570185954865,-2.334498821359228,27.44936112189724
전방,2023-04-04,0.12,38400.0,39100.0,37450.0,38650.0,3121.0,1680000.0,260277322970.0,66057344957.0,194219978013.0,25631685883.0,-7992890453.0,-6076171037.0,-47199142391.0,-3.128499497921524,-0.7233536948809524,23.12142595392857,0.3401161179854448,-0.3118363142200185,-0.2370570185954865,-2.334498821359228,27.44936112189724
전방,2023-04-05,0.12,39500.0,41600.0,38750.0,40900.0,8840.0,1680000.0,260277322970.0,66057344957.0,194219978013.0,25631685883.0,-7992890453.0,-6076171037.0,-47199142391.0,-3.128499497921524,-0.7233536948809524,23.12142595392857,0.3401161179854448,-0.3118363142200185,-0.2370570185954865,-2.334498821359228,27.44936112189724
전방,2023-04-06,0.12,40650.0,41150.0,39700.0,39900.0,2487.0,1680000.0,260277322970.0,66057344957.0,194219978013.0,25631685883.0,-7992890453.0,-6076171037.0,-47199142391.0,-3.128499497921524,-0.7233536948809524,23.12142595392857,0.3401161179854448,-0.3118363142200185,-0.2370570185954865,-2.334498821359228,27.44936112189724
전방,2023-04-07,0.12,39900.0,40750.0,39400.0,40100.0,918.0,1680000.0,260277322970.0,66057344957.0,194219978013.0,25631685883.0,-7992890453.0,-6076171037.0,-47199142391.0,-3.128499497921524,-0.7233536948809524,23.12142595392857,0.3401161179854448,-0.3118363142200185,-0.2370570185954865,-2.334498821359228,27.44936112189724
전방,2023-04-10,0.12,40100.0,40400.0,39050.0,40050.0,2260.0,1680000.0,260277322970.0,66057344957.0,194219978013.0,25631685883.0,-7992890453.0,-6076171037.0,-47199142391.0,-3.128499497921524,-0.7233536948809524,23.12142595392857,0.3401161179854448,-0.3118363142200185,-0.2370570185954865,-2.334498821359228,27.44936112189724
전방,2023-04-11,0.12,39950.0,40400.0,39500.0,39500.0,1765.0,1680000.0,260277322970.0,66057344957.0,194219978013.0,25631685883.0,-7992890453.0,-6076171037.0,-47199142391.0,-3.128499497921524,-0.7233536948809524,23.12142595392857,0.3401161179854448,-0.3118363142200185,-0.2370570185954865,-2.334498821359228,27.44936112189724
전방,2023-04-12,0.12,39500.0,40350.0,39200.0,40100.0,4158.0,1680000.0,260277322970.0,66057344957.0,194219978013.0,25631685883.0,-7992890453.0,-6076171037.0,-47199142391.0,-3.128499497921524,-0.7233536948809524,23.12142595392857,0.3401161179854448,-0.3118363142200185,-0.2370570185954865,-2.334498821359228,27.44936112189724
전방,2023-04-13,0.12,40100.0,40150.0,39000.0,39050.0,2149.0,1680000.0,260277322970.0,66057344957.0,194219978013.0,25631685883.0,-7992890453.0,-6076171037.0,-47199142391.0,-3.128499497921524,-0.7233536948809524,23.12142595392857,0.3401161179854448,-0.3118363142200185,-0.2370570185954865,-2.334498821359228,27.44936112189724
전방,2023-04-14,0.12,39500.0,40000.0,39400.0,39550.0,1754.0,1680000.0,260277322970.0,66057344957.0,194219978013.0,25631685883.0,-7992890453.0,-6076171037.0,-47199142391.0,-3.128499497921524,-0.7233536948809524,23.12142595392857,0.3401161179854448,-0.3118363142200185,-0.2370570185954865,-2.334498821359228,27.44936112189724
전방,2023-04-17,0.12,39450.0,39600.0,38900.0,39450.0,1241.0,1680000.0,260277322970.0,66057344957.0,194219978013.0,25631685883.0,-7992890453.0,-6076171037.0,-47199142391.0,-3.128499497921524,-0.7233536948809524,23.12142595392857,0.3401161179854448,-0.3118363142200185,-0.2370570185954865,-2.334498821359228,27.44936112189724
전방,2023-04-18,0.12,39350.0,39350.0,35900.0,37000.0,18734.0,1680000.0,260277322970.0,66057344957.0,194219978013.0,25631685883.0,-7992890453.0,-6076171037.0,-47199142391.0,-3.128499497921524,-0.7233536948809524,23.12142595392857,0.3401161179854448,-0.3118363142200185,-0.2370570185954865,-2.334498821359228,27.44936112189724
전방,2023-04-19,0.12,37350.0,37400.0,36650.0,36850.0,2842.0,1680000.0,260277322970.0,66057344957.0,194219978013.0,25631685883.0,-7992890453.0,-6076171037.0,-47199142391.0,-3.128499497921524,-0.7233536948809524,23.12142595392857,0.3401161179854448,-0.3118363142200185,-0.2370570185954865,-2.334498821359228,27.44936112189724
전방,2023-04-20,0.12,37000.0,38250.0,35850.0,35850.0,8766.0,1680000.0,260277322970.0,66057344957.0,194219978013.0,25631685883.0,-7992890453.0,-6076171037.0,-47199142391.0,-3.128499497921524,-0.7233536948809524,23.12142595392857,0.3401161179854448,-0.3118363142200185,-0.2370570185954865,-2.334498821359228,27.44936112189724
전방,2023-04-21,0.12,35850.0,36600.0,35500.0,36150.0,2538.0,1680000.0,260277322970.0,66057344957.0,194219978013.0,25631685883.0,-7992890453.0,-6076171037.0,-47199142391.0,-3.128499497921524,-0.7233536948809524,23.12142595392857,0.3401161179854448,-0.3118363142200185,-0.2370570185954865,-2.334498821359228,27.44936112189724
전방,2023-04-24,0.12,36050.0,36050.0,34250.0,35300.0,5097.0,1680000.0,260277322970.0,66057344957.0,194219978013.0,25631685883.0,-7992890453.0,-6076171037.0,-47199142391.0,-3.128499497921524,-0.7233536948809524,23.12142595392857,0.3401161179854448,-0.3118363142200185,-0.2370570185954865,-2.334498821359228,27.44936112189724
전방,2023-04-25,0.12,35100.0,35100.0,33850.0,35000.0,3355.0,1680000.0,260277322970.0,66057344957.0,194219978013.0,25631685883.0,-7992890453.0,-6076171037.0,-47199142391.0,-3.128499497921524,-0.7233536948809524,23.12142595392857,0.3401161179854448,-0.3118363142200185,-0.2370570185954865,-2.334498821359228,27.44936112189724
전방,2023-04-26,0.12,35000.0,35000.0,34000.0,34500.0,2763.0,1680000.0,260277322970.0,66057344957.0,194219978013.0,25631685883.0,-7992890453.0,-6076171037.0,-47199142391.0,-3.128499497921524,-0.7233536948809524,23.12142595392857,0.3401161179854448,-0.3118363142200185,-0.2370570185954865,-2.334498821359228,27.44936112189724
전방,2023-04-27,0.12,34750.0,34750.0,33750.0,34500.0,1339.0,1680000.0,260277322970.0,66057344957.0,194219978013.0,25631685883.0,-7992890453.0,-6076171037.0,-47199142391.0,-3.128499497921524,-0.7233536948809524,23.12142595392857,0.3401161179854448,-0.3118363142200185,-0.2370570185954865,-2.334498821359228,27.44936112189724
전방,2023-04-28,0.12,34800.0,35200.0,34350.0,35000.0,1556.0,1680000.0,260277322970.0,66057344957.0,194219978013.0,25631685883.0,-7992890453.0,-6076171037.0,-47199142391.0,-3.128499497921524,-0.7233536948809524,23.12142595392857,0.3401161179854448,-0.3118363142200185,-0.2370570185954865,-2.334498821359228,27.44936112189724
전방,2023-05-02,0.12,34950.0,35700.0,34500.0,35300.0,1309.0,1680000.0,260277322970.0,66057344957.0,194219978013.0,25631685883.0,-7992890453.0,-6076171037.0,-47199142391.0,-3.128499497921524,-0.7233536948809524,23.12142595392857,0.3401161179854448,-0.3118363142200185,-0.2370570185954865,-2.334498821359228,27.44936112189724
전방,2023-05-03,0.12,35300.0,35600.0,34650.0,34650.0,1501.0,1680000.0,260277322970.0,66057344957.0,194219978013.0,25631685883.0,-7992890453.0,-6076171037.0,-47199142391.0,-3.128499497921524,-0.7233536948809524,23.12142595392857,0.3401161179854448,-0.3118363142200185,-0.2370570185954865,-2.334498821359228,27.44936112189724
전방,2023-05-04,0.12,34350.0,34800.0,34300.0,34450.0,623.0,1680000.0,260277322970.0,66057344957.0,194219978013.0,25631685883.0,-7992890453.0,-6076171037.0,-47199142391.0,-3.128499497921524,-0.7233536948809524,23.12142595392857,0.3401161179854448,-0.3118363142200185,-0.2370570185954865,-2.334498821359228,27.44936112189724
전방,2023-05-08,0.12,34550.0,35900.0,34450.0,35250.0,948.0,1680000.0,260277322970.0,66057344957.0,194219978013.0,25631685883.0,-7992890453.0,-6076171037.0,-47199142391.0,-3.128499497921524,-0.7233536948809524,23.12142595392857,0.3401161179854448,-0.3118363142200185,-0.2370570185954865,-2.334498821359228,27.44936112189724
전방,2023-05-09,0.12,35200.0,35800.0,34650.0,34700.0,646.0,1680000.0,260277322970.0,66057344957.0,194219978013.0,25631685883.0,-7992890453.0,-6076171037.0,-47199142391.0,-3.128499497921524,-0.7233536948809524,23.12142595392857,0.3401161179854448,-0.3118363142200185,-0.2370570185954865,-2.334498821359228,27.44936112189724
전방,2023-05-10,0.12,34700.0,35450.0,34300.0,35250.0,893.0,1680000.0,260277322970.0,66057344957.0,194219978013.0,25631685883.0,-7992890453.0,-6076171037.0,-47199142391.0,-3.128499497921524,-0.7233536948809524,23.12142595392857,0.3401161179854448,-0.3118363142200185,-0.2370570185954865,-2.334498821359228,27.44936112189724
전방,2023-05-11,0.12,35250.0,35750.0,35000.0,35700.0,313.0,1680000.0,260277322970.0,66057344957.0,194219978013.0,25631685883.0,-7992890453.0,-6076171037.0,-47199142391.0,-3.128499497921524,-0.7233536948809524,23.12142595392857,0.3401161179854448,-0.3118363142200185,-0.2370570185954865,-2.334498821359228,27.44936112189724
전방,2023-05-12,0.12,35250.0,35250.0,34750.0,34750.0,864.0,1680000.0,260277322970.0,66057344957.0,194219978013.0,25631685883.0,-7992890453.0,-6076171037.0,-47199142391.0,-3.128499497921524,-0.7233536948809524,23.12142595392857,0.3401161179854448,-0.3118363142200185,-0.2370570185954865,-2.334498821359228,27.44936112189724
전방,2023-05-15,0.12,34600.0,34750.0,34050.0,34450.0,790.0,1680000.0,260277322970.0,66057344957.0,194219978013.0,25631685883.0,-7992890453.0,-6076171037.0,-47199142391.0,-3.128499497921524,-0.7233536948809524,23.12142595392857,0.3401161179854448,-0.3118363142200185,-0.2370570185954865,-2.334498821359228,27.44936112189724
전방,2023-05-16,0.12,34450.0,34550.0,32500.0,33600.0,4598.0,1680000.0,260277322970.0,66057344957.0,194219978013.0,25631685883.0,-7992890453.0,-6076171037.0,-47199142391.0,-3.128499497921524,-0.7233536948809524,23.12142595392857,0.3401161179854448,-0.3118363142200185,-0.2370570185954865,-2.334498821359228,27.44936112189724
전방,2023-05-17,0.12,33550.0,33550.0,32500.0,33250.0,2991.0,1680000.0,260277322970.0,66057344957.0,194219978013.0,25631685883.0,-7992890453.0,-6076171037.0,-47199142391.0,-3.128499497921524,-0.7233536948809524,23.12142595392857,0.3401161179854448,-0.3118363142200185,-0.2370570185954865,-2.334498821359228,27.44936112189724
전방,2023-05-18,0.12,33550.0,33900.0,33250.0,33250.0,1155.0,1680000.0,260277322970.0,66057344957.0,194219978013.0,25631685883.0,-7992890453.0,-6076171037.0,-47199142391.0,-3.128499497921524,-0.7233536948809524,23.12142595392857,0.3401161179854448,-0.3118363142200185,-0.2370570185954865,-2.334498821359228,27.44936112189724
전방,2023-05-19,0.12,33800.0,33800.0,33300.0,33700.0,303.0,1680000.0,260277322970.0,66057344957.0,194219978013.0,25631685883.0,-7992890453.0,-6076171037.0,-47199142391.0,-3.128499497921524,-0.7233536948809524,23.12142595392857,0.3401161179854448,-0.3118363142200185,-0.2370570185954865,-2.334498821359228,27.44936112189724
전방,2023-05-22,0.12,33700.0,33950.0,33650.0,33800.0,584.0,1680000.0,260277322970.0,66057344957.0,194219978013.0,25631685883.0,-7992890453.0,-6076171037.0,-47199142391.0,-3.128499497921524,-0.7233536948809524,23.12142595392857,0.3401161179854448,-0.3118363142200185,-0.2370570185954865,-2.334498821359228,27.44936112189724
전방,2023-05-23,0.12,33800.0,33800.0,32800.0,32900.0,2622.0,1680000.0,260277322970.0,66057344957.0,194219978013.0,25631685883.0,-7992890453.0,-6076171037.0,-47199142391.0,-3.128499497921524,-0.7233536948809524,23.12142595392857,0.3401161179854448,-0.3118363142200185,-0.2370570185954865,-2.334498821359228,27.44936112189724
전방,2023-05-24,0.12,33100.0,33350.0,32750.0,32950.0,1145.0,1680000.0,260277322970.0,66057344957.0,194219978013.0,25631685883.0,-7992890453.0,-6076171037.0,-47199142391.0,-3.128499497921524,-0.7233536948809524,23.12142595392857,0.3401161179854448,-0.3118363142200185,-0.2370570185954865,-2.334498821359228,27.44936112189724
전방,2023-05-25,0.12,32900.0,33300.0,32550.0,32950.0,1738.0,1680000.0,260277322970.0,66057344957.0,194219978013.0,25631685883.0,-7992890453.0,-6076171037.0,-47199142391.0,-3.128499497921524,-0.7233536948809524,23.12142595392857,0.3401161179854448,-0.3118363142200185,-0.2370570185954865,-2.334498821359228,27.44936112189724
전방,2023-05-26,0.12,32950.0,33000.0,32850.0,32950.0,816.0,1680000.0,260277322970.0,66057344957.0,194219978013.0,25631685883.0,-7992890453.0,-6076171037.0,-47199142391.0,-3.128499497921524,-0.7233536948809524,23.12142595392857,0.3401161179854448,-0.3118363142200185,-0.2370570185954865,-2.334498821359228,27.44936112189724
전방,2023-05-30,0.12,32700.0,32950.0,32400.0,32900.0,973.0,1680000.0,260277322970.0,66057344957.0,194219978013.0,25631685883.0,-7992890453.0,-6076171037.0,-47199142391.0,-3.128499497921524,-0.7233536948809524,23.12142595392857,0.3401161179854448,-0.3118363142200185,-0.2370570185954865,-2.334498821359228,27.44936112189724
전방,2023-05-31,0.12,33200.0,33500.0,32400.0,32550.0,1267.0,1680000.0,260277322970.0,66057344957.0,194219978013.0,25631685883.0,-7992890453.0,-6076171037.0,-47199142391.0,-3.128499497921524,-0.7233536948809524,23.12142595392857,0.3401161179854448,-0.3118363142200185,-0.2370570185954865,-2.334498821359228,27.44936112189724
전방,2023-06-01,0.12,32500.0,32650.0,31750.0,32050.0,3112.0,1680000.0,260277322970.0,66057344957.0,194219978013.0,25631685883.0,-7992890453.0,-6076171037.0,-47199142391.0,-3.128499497921524,-0.7233536948809524,23.12142595392857,0.3401161179854448,-0.3118363142200185,-0.2370570185954865,-2.334498821359228,27.44936112189724
전방,2023-06-02,0.12,32050.0,33000.0,32050.0,33000.0,936.0,1680000.0,260277322970.0,66057344957.0,194219978013.0,25631685883.0,-7992890453.0,-6076171037.0,-47199142391.0,-3.128499497921524,-0.7233536948809524,23.12142595392857,0.3401161179854448,-0.3118363142200185,-0.2370570185954865,-2.334498821359228,27.44936112189724
전방,2023-06-05,0.12,33250.0,33550.0,32400.0,33000.0,658.0,1680000.0,260277322970.0,66057344957.0,194219978013.0,25631685883.0,-7992890453.0,-6076171037.0,-47199142391.0,-3.128499497921524,-0.7233536948809524,23.12142595392857,0.3401161179854448,-0.3118363142200185,-0.2370570185954865,-2.334498821359228,27.44936112189724
전방,2023-06-07,0.12,33000.0,33100.0,32650.0,33100.0,645.0,1680000.0,260277322970.0,66057344957.0,194219978013.0,25631685883.0,-7992890453.0,-6076171037.0,-47199142391.0,-3.128499497921524,-0.7233536948809524,23.12142595392857,0.3401161179854448,-0.3118363142200185,-0.2370570185954865,-2.334498821359228,27.44936112189724
전방,2023-06-08,0.12,33100.0,33150.0,32000.0,32650.0,1633.0,1680000.0,260277322970.0,66057344957.0,194219978013.0,25631685883.0,-7992890453.0,-6076171037.0,-47199142391.0,-3.128499497921524,-0.7233536948809524,23.12142595392857,0.3401161179854448,-0.3118363142200185,-0.2370570185954865,-2.334498821359228,27.44936112189724
전방,2023-06-09,0.12,32600.0,32650.0,32050.0,32300.0,1414.0,1680000.0,260277322970.0,66057344957.0,194219978013.0,25631685883.0,-7992890453.0,-6076171037.0,-47199142391.0,-3.128499497921524,-0.7233536948809524,23.12142595392857,0.3401161179854448,-0.3118363142200185,-0.2370570185954865,-2.334498821359228,27.44936112189724
전방,2023-06-12,0.12,32300.0,32300.0,31250.0,31350.0,2283.0,1680000.0,260277322970.0,66057344957.0,194219978013.0,25631685883.0,-7992890453.0,-6076171037.0,-47199142391.0,-3.128499497921524,-0.7233536948809524,23.12142595392857,0.3401161179854448,-0.3118363142200185,-0.2370570185954865,-2.334498821359228,27.44936112189724
전방,2023-06-13,0.12,31350.0,32100.0,31150.0,32000.0,1389.0,1680000.0,260277322970.0,66057344957.0,194219978013.0,25631685883.0,-7992890453.0,-6076171037.0,-47199142391.0,-3.128499497921524,-0.7233536948809524,23.12142595392857,0.3401161179854448,-0.3118363142200185,-0.2370570185954865,-2.334498821359228,27.44936112189724
전방,2023-06-14,0.12,31700.0,32300.0,30750.0,30750.0,2876.0,1680000.0,260277322970.0,66057344957.0,194219978013.0,25631685883.0,-7992890453.0,-6076171037.0,-47199142391.0,-3.128499497921524,-0.7233536948809524,23.12142595392857,0.3401161179854448,-0.3118363142200185,-0.2370570185954865,-2.334498821359228,27.44936112189724
전방,2023-06-15,0.12,30750.0,31200.0,30300.0,30900.0,694.0,1680000.0,260277322970.0,66057344957.0,194219978013.0,25631685883.0,-7992890453.0,-6076171037.0,-47199142391.0,-3.128499497921524,-0.7233536948809524,23.12142595392857,0.3401161179854448,-0.3118363142200185,-0.2370570185954865,-2.334498821359228,27.44936112189724
전방,2023-06-16,0.12,30600.0,30800.0,30000.0,30450.0,1615.0,1680000.0,260277322970.0,66057344957.0,194219978013.0,25631685883.0,-7992890453.0,-6076171037.0,-47199142391.0,-3.128499497921524,-0.7233536948809524,23.12142595392857,0.3401161179854448,-0.3118363142200185,-0.2370570185954865,-2.334498821359228,27.44936112189724
전방,2023-06-19,0.12,30450.0,30800.0,29800.0,29900.0,1850.0,1680000.0,260277322970.0,66057344957.0,194219978013.0,25631685883.0,-7992890453.0,-6076171037.0,-47199142391.0,-3.128499497921524,-0.7233536948809524,23.12142595392857,0.3401161179854448,-0.3118363142200185,-0.2370570185954865,-2.334498821359228,27.44936112189724
전방,2023-06-20,0.12,30050.0,30400.0,29150.0,29750.0,4015.0,1680000.0,260277322970.0,66057344957.0,194219978013.0,25631685883.0,-7992890453.0,-6076171037.0,-47199142391.0,-3.128499497921524,-0.7233536948809524,23.12142595392857,0.3401161179854448,-0.3118363142200185,-0.2370570185954865,-2.334498821359228,27.44936112189724
전방,2023-06-21,0.12,30000.0,30150.0,28650.0,29500.0,3721.0,1680000.0,260277322970.0,66057344957.0,194219978013.0,25631685883.0,-7992890453.0,-6076171037.0,-47199142391.0,-3.128499497921524,-0.7233536948809524,23.12142595392857,0.3401161179854448,-0.3118363142200185,-0.2370570185954865,-2.334498821359228,27.44936112189724
전방,2023-06-22,0.12,29100.0,29150.0,28750.0,29000.0,1357.0,1680000.0,260277322970.0,66057344957.0,194219978013.0,25631685883.0,-7992890453.0,-6076171037.0,-47199142391.0,-3.128499497921524,-0.7233536948809524,23.12142595392857,0.3401161179854448,-0.3118363142200185,-0.2370570185954865,-2.334498821359228,27.44936112189724
전방,2023-06-23,0.12,28700.0,28950.0,28000.0,28400.0,3338.0,1680000.0,260277322970.0,66057344957.0,194219978013.0,25631685883.0,-7992890453.0,-6076171037.0,-47199142391.0,-3.128499497921524,-0.7233536948809524,23.12142595392857,0.3401161179854448,-0.3118363142200185,-0.2370570185954865,-2.334498821359228,27.44936112189724
전방,2023-06-26,0.12,28400.0,29000.0,27850.0,29000.0,2512.0,1680000.0,260277322970.0,66057344957.0,194219978013.0,25631685883.0,-7992890453.0,-6076171037.0,-47199142391.0,-3.128499497921524,-0.7233536948809524,23.12142595392857,0.3401161179854448,-0.3118363142200185,-0.2370570185954865,-2.334498821359228,27.44936112189724
전방,2023-06-27,0.12,29300.0,29300.0,28300.0,28500.0,3023.0,1680000.0,260277322970.0,66057344957.0,194219978013.0,25631685883.0,-7992890453.0,-6076171037.0,-47199142391.0,-3.128499497921524,-0.7233536948809524,23.12142595392857,0.3401161179854448,-0.3118363142200185,-0.2370570185954865,-2.334498821359228,27.44936112189724
전방,2023-06-28,0.12,28500.0,28650.0,28250.0,28600.0,700.0,1680000.0,260277322970.0,66057344957.0,194219978013.0,25631685883.0,-7992890453.0,-6076171037.0,-47199142391.0,-3.128499497921524,-0.7233536948809524,23.12142595392857,0.3401161179854448,-0.3118363142200185,-0.2370570185954865,-2.334498821359228,27.44936112189724
전방,2023-06-29,0.12,28500.0,29800.0,28300.0,28600.0,1228.0,1680000.0,260277322970.0,66057344957.0,194219978013.0,25631685883.0,-7992890453.0,-6076171037.0,-47199142391.0,-3.128499497921524,-0.7233536948809524,23.12142595392857,0.3401161179854448,-0.3118363142200185,-0.2370570185954865,-2.334498821359228,27.44936112189724
전방,2023-06-30,0.12,28500.0,28900.0,26850.0,27700.0,2751.0,1680000.0,260277322970.0,66057344957.0,194219978013.0,25631685883.0,-7992890453.0,-6076171037.0,-47199142391.0,-3.128499497921524,-0.7233536948809524,23.12142595392857,0.3401161179854448,-0.3118363142200185,-0.2370570185954865,-2.334498821359228,27.44936112189724
전방,2023-07-03,0.12,28800.0,28800.0,27900.0,28200.0,1174.0,1680000.0,246508340266.0,62812662691.0,183695677575.0,30761625753.0,-8260029354.0,-10525491237.0,-26638001296.0,-5.729852425462004,-1.2530346710714286,21.868533044642856,0.341938708194996,-0.26851732155913277,-0.342163035254192,-4.269831692364749,20.01405562402897
전방,2023-07-04,0.12,28800.0,28800.0,27000.0,27400.0,5184.0,1680000.0,246508340266.0,62812662691.0,183695677575.0,30761625753.0,-8260029354.0,-10525491237.0,-26638001296.0,-5.729852425462004,-1.2530346710714286,21.868533044642856,0.341938708194996,-0.26851732155913277,-0.342163035254192,-4.269831692364749,20.01405562402897
전방,2023-07-05,0.12,27400.0,28500.0,27400.0,28250.0,1727.0,1680000.0,246508340266.0,62812662691.0,183695677575.0,30761625753.0,-8260029354.0,-10525491237.0,-26638001296.0,-5.729852425462004,-1.2530346710714286,21.868533044642856,0.341938708194996,-0.26851732155913277,-0.342163035254192,-4.269831692364749,20.01405562402897
전방,2023-07-06,0.12,27950.0,28250.0,27550.0,27550.0,935.0,1680000.0,246508340266.0,62812662691.0,183695677575.0,30761625753.0,-8260029354.0,-10525491237.0,-26638001296.0,-5.729852425462004,-1.2530346710714286,21.868533044642856,0.341938708194996,-0.26851732155913277,-0.342163035254192,-4.269831692364749,20.01405562402897
전방,2023-07-07,0.12,27050.0,27550.0,27000.0,27500.0,379.0,1680000.0,246508340266.0,62812662691.0,183695677575.0,30761625753.0,-8260029354.0,-10525491237.0,-26638001296.0,-5.729852425462004,-1.2530346710714286,21.868533044642856,0.341938708194996,-0.26851732155913277,-0.342163035254192,-4.269831692364749,20.01405562402897
전방,2023-07-10,0.12,27200.0,27250.0,26750.0,27000.0,1466.0,1680000.0,246508340266.0,62812662691.0,183695677575.0,30761625753.0,-8260029354.0,-10525491237.0,-26638001296.0,-5.729852425462004,-1.2530346710714286,21.868533044642856,0.341938708194996,-0.26851732155913277,-0.342163035254192,-4.269831692364749,20.01405562402897
전방,2023-07-11,0.12,26800.0,28000.0,26750.0,27750.0,1192.0,1680000.0,246508340266.0,62812662691.0,183695677575.0,30761625753.0,-8260029354.0,-10525491237.0,-26638001296.0,-5.729852425462004,-1.2530346710714286,21.868533044642856,0.341938708194996,-0.26851732155913277,-0.342163035254192,-4.269831692364749,20.01405562402897
전방,2023-07-12,0.12,27800.0,28200.0,27550.0,27800.0,834.0,1680000.0,246508340266.0,62812662691.0,183695677575.0,30761625753.0,-8260029354.0,-10525491237.0,-26638001296.0,-5.729852425462004,-1.2530346710714286,21.868533044642856,0.341938708194996,-0.26851732155913277,-0.342163035254192,-4.269831692364749,20.01405562402897
전방,2023-07-13,0.12,27950.0,27950.0,27550.0,27800.0,193.0,1680000.0,246508340266.0,62812662691.0,183695677575.0,30761625753.0,-8260029354.0,-10525491237.0,-26638001296.0,-5.729852425462004,-1.2530346710714286,21.868533044642856,0.341938708194996,-0.26851732155913277,-0.342163035254192,-4.269831692364749,20.01405562402897
전방,2023-07-14,0.12,28000.0,28000.0,26900.0,27600.0,1695.0,1680000.0,246508340266.0,62812662691.0,183695677575.0,30761625753.0,-8260029354.0,-10525491237.0,-26638001296.0,-5.729852425462004,-1.2530346710714286,21.868533044642856,0.341938708194996,-0.26851732155913277,-0.342163035254192,-4.269831692364749,20.01405562402897
전방,2023-07-17,0.12,27350.0,27850.0,27350.0,27850.0,379.0,1680000.0,246508340266.0,62812662691.0,183695677575.0,30761625753.0,-8260029354.0,-10525491237.0,-26638001296.0,-5.729852425462004,-1.2530346710714286,21.868533044642856,0.341938708194996,-0.26851732155913277,-0.342163035254192,-4.269831692364749,20.01405562402897
전방,2023-07-18,0.12,28050.0,28050.0,27000.0,27300.0,2079.0,1680000.0,246508340266.0,62812662691.0,183695677575.0,30761625753.0,-8260029354.0,-10525491237.0,-26638001296.0,-5.729852425462004,-1.2530346710714286,21.868533044642856,0.341938708194996,-0.26851732155913277,-0.342163035254192,-4.269831692364749,20.01405562402897
전방,2023-07-19,0.12,27300.0,27400.0,27150.0,27300.0,463.0,1680000.0,246508340266.0,62812662691.0,183695677575.0,30761625753.0,-8260029354.0,-10525491237.0,-26638001296.0,-5.729852425462004,-1.2530346710714286,21.868533044642856,0.341938708194996,-0.26851732155913277,-0.342163035254192,-4.269831692364749,20.01405562402897
전방,2023-07-20,0.12,27200.0,27450.0,27000.0,27400.0,184.0,1680000.0,246508340266.0,62812662691.0,183695677575.0,30761625753.0,-8260029354.0,-10525491237.0,-26638001296.0,-5.729852425462004,-1.2530346710714286,21.868533044642856,0.341938708194996,-0.26851732155913277,-0.342163035254192,-4.269831692364749,20.01405562402897
전방,2023-07-21,0.12,27250.0,27400.0,26550.0,26550.0,2996.0,1680000.0,246508340266.0,62812662691.0,183695677575.0,30761625753.0,-8260029354.0,-10525491237.0,-26638001296.0,-5.729852425462004,-1.2530346710714286,21.868533044642856,0.341938708194996,-0.26851732155913277,-0.342163035254192,-4.269831692364749,20.01405562402897
전방,2023-07-24,0.12,26550.0,26550.0,25100.0,25200.0,3916.0,1680000.0,246508340266.0,62812662691.0,183695677575.0,30761625753.0,-8260029354.0,-10525491237.0,-26638001296.0,-5.729852425462004,-1.2530346710714286,21.868533044642856,0.341938708194996,-0.26851732155913277,-0.342163035254192,-4.269831692364749,20.01405562402897
전방,2023-07-25,0.12,25200.0,25900.0,24100.0,24100.0,3491.0,1680000.0,246508340266.0,62812662691.0,183695677575.0,30761625753.0,-8260029354.0,-10525491237.0,-26638001296.0,-5.729852425462004,-1.2530346710714286,21.868533044642856,0.341938708194996,-0.26851732155913277,-0.342163035254192,-4.269831692364749,20.01405562402897
전방,2023-07-26,0.12,24100.0,24150.0,22900.0,23300.0,4546.0,1680000.0,246508340266.0,62812662691.0,183695677575.0,30761625753.0,-8260029354.0,-10525491237.0,-26638001296.0,-5.729852425462004,-1.2530346710714286,21.868533044642856,0.341938708194996,-0.26851732155913277,-0.342163035254192,-4.269831692364749,20.01405562402897
전방,2023-07-27,0.12,23000.0,24550.0,23000.0,24500.0,1066.0,1680000.0,246508340266.0,62812662691.0,183695677575.0,30761625753.0,-8260029354.0,-10525491237.0,-26638001296.0,-5.729852425462004,-1.2530346710714286,21.868533044642856,0.341938708194996,-0.26851732155913277,-0.342163035254192,-4.269831692364749,20.01405562402897
전방,2023-07-28,0.12,24950.0,24950.0,24200.0,24650.0,665.0,1680000.0,246508340266.0,62812662691.0,183695677575.0,30761625753.0,-8260029354.0,-10525491237.0,-26638001296.0,-5.729852425462004,-1.2530346710714286,21.868533044642856,0.341938708194996,-0.26851732155913277,-0.342163035254192,-4.269831692364749,20.01405562402897
전방,2023-07-31,0.12,24750.0,25350.0,24650.0,25000.0,548.0,1680000.0,246508340266.0,62812662691.0,183695677575.0,30761625753.0,-8260029354.0,-10525491237.0,-26638001296.0,-5.729852425462004,-1.2530346710714286,21.868533044642856,0.341938708194996,-0.26851732155913277,-0.342163035254192,-4.269831692364749,20.01405562402897
전방,2023-08-01,0.12,25000.0,26450.0,24950.0,26200.0,672.0,1680000.0,246508340266.0,62812662691.0,183695677575.0,30761625753.0,-8260029354.0,-10525491237.0,-26638001296.0,-5.729852425462004,-1.2530346710714286,21.868533044642856,0.341938708194996,-0.26851732155913277,-0.342163035254192,-4.269831692364749,20.01405562402897
전방,2023-08-02,0.12,25900.0,26400.0,25550.0,25800.0,747.0,1680000.0,246508340266.0,62812662691.0,183695677575.0,30761625753.0,-8260029354.0,-10525491237.0,-26638001296.0,-5.729852425462004,-1.2530346710714286,21.868533044642856,0.341938708194996,-0.26851732155913277,-0.342163035254192,-4.269831692364749,20.01405562402897
전방,2023-08-03,0.12,25550.0,26200.0,24800.0,26200.0,680.0,1680000.0,246508340266.0,62812662691.0,183695677575.0,30761625753.0,-8260029354.0,-10525491237.0,-26638001296.0,-5.729852425462004,-1.2530346710714286,21.868533044642856,0.341938708194996,-0.26851732155913277,-0.342163035254192,-4.269831692364749,20.01405562402897
전방,2023-08-04,0.12,26200.0,26550.0,25900.0,26400.0,494.0,1680000.0,246508340266.0,62812662691.0,183695677575.0,30761625753.0,-8260029354.0,-10525491237.0,-26638001296.0,-5.729852425462004,-1.2530346710714286,21.868533044642856,0.341938708194996,-0.26851732155913277,-0.342163035254192,-4.269831692364749,20.01405562402897
전방,2023-08-07,0.12,26400.0,26550.0,25950.0,26400.0,102.0,1680000.0,246508340266.0,62812662691.0,183695677575.0,30761625753.0,-8260029354.0,-10525491237.0,-26638001296.0,-5.729852425462004,-1.2530346710714286,21.868533044642856,0.341938708194996,-0.26851732155913277,-0.342163035254192,-4.269831692364749,20.01405562402897
전방,2023-08-08,0.12,26400.0,26400.0,25550.0,25550.0,736.0,1680000.0,246508340266.0,62812662691.0,183695677575.0,30761625753.0,-8260029354.0,-10525491237.0,-26638001296.0,-5.729852425462004,-1.2530346710714286,21.868533044642856,0.341938708194996,-0.26851732155913277,-0.342163035254192,-4.269831692364749,20.01405562402897
전방,2023-08-09,0.12,25450.0,26200.0,25100.0,26200.0,248.0,1680000.0,246508340266.0,62812662691.0,183695677575.0,30761625753.0,-8260029354.0,-10525491237.0,-26638001296.0,-5.729852425462004,-1.2530346710714286,21.868533044642856,0.341938708194996,-0.26851732155913277,-0.342163035254192,-4.269831692364749,20.01405562402897
전방,2023-08-10,0.12,26250.0,27000.0,25850.0,26950.0,890.0,1680000.0,246508340266.0,62812662691.0,183695677575.0,30761625753.0,-8260029354.0,-10525491237.0,-26638001296.0,-5.729852425462004,-1.2530346710714286,21.868533044642856,0.341938708194996,-0.26851732155913277,-0.342163035254192,-4.269831692364749,20.01405562402897
전방,2023-08-11,0.12,26900.0,27050.0,26350.0,26550.0,319.0,1680000.0,246508340266.0,62812662691.0,183695677575.0,30761625753.0,-8260029354.0,-10525491237.0,-26638001296.0,-5.729852425462004,-1.2530346710714286,21.868533044642856,0.341938708194996,-0.26851732155913277,-0.342163035254192,-4.269831692364749,20.01405562402897
전방,2023-08-14,0.12,26550.0,27250.0,26550.0,27250.0,427.0,1680000.0,246508340266.0,62812662691.0,183695677575.0,30761625753.0,-8260029354.0,-10525491237.0,-26638001296.0,-5.729852425462004,-1.2530346710714286,21.868533044642856,0.341938708194996,-0.26851732155913277,-0.342163035254192,-4.269831692364749,20.01405562402897
전방,2023-08-16,0.12,26150.0,27800.0,25250.0,25350.0,3130.0,1680000.0,246508340266.0,62812662691.0,183695677575.0,30761625753.0,-8260029354.0,-10525491237.0,-26638001296.0,-5.729852425462004,-1.2530346710714286,21.868533044642856,0.341938708194996,-0.26851732155913277,-0.342163035254192,-4.269831692364749,20.01405562402897
전방,2023-08-17,0.12,25050.0,25900.0,24600.0,24950.0,580.0,1680000.0,246508340266.0,62812662691.0,183695677575.0,30761625753.0,-8260029354.0,-10525491237.0,-26638001296.0,-5.729852425462004,-1.2530346710714286,21.868533044642856,0.341938708194996,-0.26851732155913277,-0.342163035254192,-4.269831692364749,20.01405562402897
전방,2023-08-18,0.12,25000.0,26000.0,24550.0,25850.0,823.0,1680000.0,246508340266.0,62812662691.0,183695677575.0,30761625753.0,-8260029354.0,-10525491237.0,-26638001296.0,-5.729852425462004,-1.2530346710714286,21.868533044642856,0.341938708194996,-0.26851732155913277,-0.342163035254192,-4.269831692364749,20.01405562402897
전방,2023-08-21,0.12,25850.0,25850.0,24900.0,25850.0,1693.0,1680000.0,246508340266.0,62812662691.0,183695677575.0,30761625753.0,-8260029354.0,-10525491237.0,-26638001296.0,-5.729852425462004,-1.2530346710714286,21.868533044642856,0.341938708194996,-0.26851732155913277,-0.342163035254192,-4.269831692364749,20.01405562402897
전방,2023-08-22,0.12,25850.0,26650.0,24100.0,24650.0,2307.0,1680000.0,246508340266.0,62812662691.0,183695677575.0,30761625753.0,-8260029354.0,-10525491237.0,-26638001296.0,-5.729852425462004,-1.2530346710714286,21.868533044642856,0.341938708194996,-0.26851732155913277,-0.342163035254192,-4.269831692364749,20.01405562402897
전방,2023-08-23,0.12,24650.0,25200.0,23500.0,23900.0,4081.0,1680000.0,246508340266.0,62812662691.0,183695677575.0,30761625753.0,-8260029354.0,-10525491237.0,-26638001296.0,-5.729852425462004,-1.2530346710714286,21.868533044642856,0.341938708194996,-0.26851732155913277,-0.342163035254192,-4.269831692364749,20.01405562402897
전방,2023-08-24,0.12,23900.0,24100.0,22100.0,23700.0,1402.0,1680000.0,246508340266.0,62812662691.0,183695677575.0,30761625753.0,-8260029354.0,-10525491237.0,-26638001296.0,-5.729852425462004,-1.2530346710714286,21.868533044642856,0.341938708194996,-0.26851732155913277,-0.342163035254192,-4.269831692364749,20.01405562402897
전방,2023-08-25,0.12,23700.0,24000.0,23300.0,24000.0,1466.0,1680000.0,246508340266.0,62812662691.0,183695677575.0,30761625753.0,-8260029354.0,-10525491237.0,-26638001296.0,-5.729852425462004,-1.2530346710714286,21.868533044642856,0.341938708194996,-0.26851732155913277,-0.342163035254192,-4.269831692364749,20.01405562402897
전방,2023-08-28,0.12,24900.0,24900.0,23750.0,24750.0,1865.0,1680000.0,246508340266.0,62812662691.0,183695677575.0,30761625753.0,-8260029354.0,-10525491237.0,-26638001296.0,-5.729852425462004,-1.2530346710714286,21.868533044642856,0.341938708194996,-0.26851732155913277,-0.342163035254192,-4.269831692364749,20.01405562402897
전방,2023-08-29,0.12,24750.0,24900.0,24050.0,24450.0,942.0,1680000.0,246508340266.0,62812662691.0,183695677575.0,30761625753.0,-8260029354.0,-10525491237.0,-26638001296.0,-5.729852425462004,-1.2530346710714286,21.868533044642856,0.341938708194996,-0.26851732155913277,-0.342163035254192,-4.269831692364749,20.01405562402897
전방,2023-08-30,0.12,24900.0,24900.0,24100.0,24150.0,690.0,1680000.0,246508340266.0,62812662691.0,183695677575.0,30761625753.0,-8260029354.0,-10525491237.0,-26638001296.0,-5.729852425462004,-1.2530346710714286,21.868533044642856,0.341938708194996,-0.26851732155913277,-0.342163035254192,-4.269831692364749,20.01405562402897
전방,2023-08-31,0.12,24150.0,24250.0,23750.0,24000.0,966.0,1680000.0,246508340266.0,62812662691.0,183695677575.0,30761625753.0,-8260029354.0,-10525491237.0,-26638001296.0,-5.729852425462004,-1.2530346710714286,21.868533044642856,0.341938708194996,-0.26851732155913277,-0.342163035254192,-4.269831692364749,20.01405562402897
전방,2023-09-01,0.12,24000.0,24250.0,23700.0,24000.0,857.0,1680000.0,246508340266.0,62812662691.0,183695677575.0,30761625753.0,-8260029354.0,-10525491237.0,-26638001296.0,-5.729852425462004,-1.2530346710714286,21.868533044642856,0.341938708194996,-0.26851732155913277,-0.342163035254192,-4.269831692364749,20.01405562402897
전방,2023-09-04,0.12,23900.0,24400.0,23750.0,24000.0,671.0,1680000.0,246508340266.0,62812662691.0,183695677575.0,30761625753.0,-8260029354.0,-10525491237.0,-26638001296.0,-5.729852425462004,-1.2530346710714286,21.868533044642856,0.341938708194996,-0.26851732155913277,-0.342163035254192,-4.269831692364749,20.01405562402897
전방,2023-09-05,0.12,24000.0,24300.0,23700.0,24050.0,1284.0,1680000.0,246508340266.0,62812662691.0,183695677575.0,30761625753.0,-8260029354.0,-10525491237.0,-26638001296.0,-5.729852425462004,-1.2530346710714286,21.868533044642856,0.341938708194996,-0.26851732155913277,-0.342163035254192,-4.269831692364749,20.01405562402897
전방,2023-09-06,0.12,24350.0,24350.0,23600.0,24000.0,1451.0,1680000.0,246508340266.0,62812662691.0,183695677575.0,30761625753.0,-8260029354.0,-10525491237.0,-26638001296.0,-5.729852425462004,-1.2530346710714286,21.868533044642856,0.341938708194996,-0.26851732155913277,-0.342163035254192,-4.269831692364749,20.01405562402897
전방,2023-09-07,0.12,24000.0,24000.0,23600.0,23750.0,455.0,1680000.0,246508340266.0,62812662691.0,183695677575.0,30761625753.0,-8260029354.0,-10525491237.0,-26638001296.0,-5.729852425462004,-1.2530346710714286,21.868533044642856,0.341938708194996,-0.26851732155913277,-0.342163035254192,-4.269831692364749,20.01405562402897
전방,2023-09-08,0.12,23400.0,24000.0,23250.0,23900.0,818.0,1680000.0,246508340266.0,62812662691.0,183695677575.0,30761625753.0,-8260029354.0,-10525491237.0,-26638001296.0,-5.729852425462004,-1.2530346710714286,21.868533044642856,0.341938708194996,-0.26851732155913277,-0.342163035254192,-4.269831692364749,20.01405562402897
전방,2023-09-11,0.12,23900.0,23950.0,23450.0,23450.0,3308.0,1680000.0,246508340266.0,62812662691.0,183695677575.0,30761625753.0,-8260029354.0,-10525491237.0,-26638001296.0,-5.729852425462004,-1.2530346710714286,21.868533044642856,0.341938708194996,-0.26851732155913277,-0.342163035254192,-4.269831692364749,20.01405562402897
전방,2023-09-12,0.12,23600.0,24350.0,23300.0,23300.0,671.0,1680000.0,246508340266.0,62812662691.0,183695677575.0,30761625753.0,-8260029354.0,-10525491237.0,-26638001296.0,-5.729852425462004,-1.2530346710714286,21.868533044642856,0.341938708194996,-0.26851732155913277,-0.342163035254192,-4.269831692364749,20.01405562402897
전방,2023-09-13,0.12,23200.0,23250.0,23050.0,23150.0,427.0,1680000.0,246508340266.0,62812662691.0,183695677575.0,30761625753.0,-8260029354.0,-10525491237.0,-26638001296.0,-5.729852425462004,-1.2530346710714286,21.868533044642856,0.341938708194996,-0.26851732155913277,-0.342163035254192,-4.269831692364749,20.01405562402897
전방,2023-09-14,0.12,23150.0,23500.0,23100.0,23450.0,429.0,1680000.0,246508340266.0,62812662691.0,183695677575.0,30761625753.0,-8260029354.0,-10525491237.0,-26638001296.0,-5.729852425462004,-1.2530346710714286,21.868533044642856,0.341938708194996,-0.26851732155913277,-0.342163035254192,-4.269831692364749,20.01405562402897
전방,2023-09-15,0.12,23550.0,23850.0,23450.0,23700.0,518.0,1680000.0,246508340266.0,62812662691.0,183695677575.0,30761625753.0,-8260029354.0,-10525491237.0,-26638001296.0,-5.729852425462004,-1.2530346710714286,21.868533044642856,0.341938708194996,-0.26851732155913277,-0.342163035254192,-4.269831692364749,20.01405562402897
전방,2023-09-18,0.12,24150.0,24150.0,23250.0,23500.0,1379.0,1680000.0,246508340266.0,62812662691.0,183695677575.0,30761625753.0,-8260029354.0,-10525491237.0,-26638001296.0,-5.729852425462004,-1.2530346710714286,21.868533044642856,0.341938708194996,-0.26851732155913277,-0.342163035254192,-4.269831692364749,20.01405562402897
전방,2023-09-19,0.12,23500.0,23700.0,22800.0,22850.0,1534.0,1680000.0,246508340266.0,62812662691.0,183695677575.0,30761625753.0,-8260029354.0,-10525491237.0,-26638001296.0,-5.729852425462004,-1.2530346710714286,21.868533044642856,0.341938708194996,-0.26851732155913277,-0.342163035254192,-4.269831692364749,20.01405562402897
전방,2023-09-20,0.12,22550.0,23300.0,22550.0,23050.0,513.0,1680000.0,246508340266.0,62812662691.0,183695677575.0,30761625753.0,-8260029354.0,-10525491237.0,-26638001296.0,-5.729852425462004,-1.2530346710714286,21.868533044642856,0.341938708194996,-0.26851732155913277,-0.342163035254192,-4.269831692364749,20.01405562402897
전방,2023-09-21,0.12,22600.0,24000.0,22500.0,23900.0,1251.0,1680000.0,246508340266.0,62812662691.0,183695677575.0,30761625753.0,-8260029354.0,-10525491237.0,-26638001296.0,-5.729852425462004,-1.2530346710714286,21.868533044642856,0.341938708194996,-0.26851732155913277,-0.342163035254192,-4.269831692364749,20.01405562402897
전방,2023-09-22,0.12,23400.0,24000.0,23350.0,23800.0,460.0,1680000.0,246508340266.0,62812662691.0,183695677575.0,30761625753.0,-8260029354.0,-10525491237.0,-26638001296.0,-5.729852425462004,-1.2530346710714286,21.868533044642856,0.341938708194996,-0.26851732155913277,-0.342163035254192,-4.269831692364749,20.01405562402897
전방,2023-09-25,0.12,23650.0,23700.0,23100.0,23350.0,451.0,1680000.0,246508340266.0,62812662691.0,183695677575.0,30761625753.0,-8260029354.0,-10525491237.0,-26638001296.0,-5.729852425462004,-1.2530346710714286,21.868533044642856,0.341938708194996,-0.26851732155913277,-0.342163035254192,-4.269831692364749,20.01405562402897
전방,2023-09-26,0.12,23350.0,23350.0,22700.0,22950.0,680.0,1680000.0,246508340266.0,62812662691.0,183695677575.0,30761625753.0,-8260029354.0,-10525491237.0,-26638001296.0,-5.729852425462004,-1.2530346710714286,21.868533044642856,0.341938708194996,-0.26851732155913277,-0.342163035254192,-4.269831692364749,20.01405562402897
전방,2023-09-27,0.12,22150.0,22600.0,21900.0,22200.0,630.0,1680000.0,246508340266.0,62812662691.0,183695677575.0,30761625753.0,-8260029354.0,-10525491237.0,-26638001296.0,-5.729852425462004,-1.2530346710714286,21.868533044642856,0.341938708194996,-0.26851732155913277,-0.342163035254192,-4.269831692364749,20.01405562402897
전방,2023-10-04,0.12,22150.0,22200.0,20650.0,20700.0,3714.0,1680000.0,236979137636.0,47159660314.0,189819477322.0,94772410649.0,-32548106506.0,-19193789810.0,-32730628944.0,-10.111601865513856,-2.284974977380952,22.59755682404762,0.24844479069974879,-0.34343440546791065,-0.2025250774836392,-8.09935845048169,208.0864821969216
전방,2023-10-05,0.12,20700.0,21050.0,20350.0,20850.0,2028.0,1680000.0,236979137636.0,47159660314.0,189819477322.0,94772410649.0,-32548106506.0,-19193789810.0,-32730628944.0,-10.111601865513856,-2.284974977380952,22.59755682404762,0.24844479069974879,-0.34343440546791065,-0.2025250774836392,-8.09935845048169,208.0864821969216
전방,2023-10-06,0.12,20750.0,22850.0,20750.0,22500.0,1731.0,1680000.0,236979137636.0,47159660314.0,189819477322.0,94772410649.0,-32548106506.0,-19193789810.0,-32730628944.0,-10.111601865513856,-2.284974977380952,22.59755682404762,0.24844479069974879,-0.34343440546791065,-0.2025250774836392,-8.09935845048169,208.0864821969216
전방,2023-10-10,0.12,22700.0,24400.0,22500.0,22550.0,1099.0,1680000.0,236979137636.0,47159660314.0,189819477322.0,94772410649.0,-32548106506.0,-19193789810.0,-32730628944.0,-10.111601865513856,-2.284974977380952,22.59755682404762,0.24844479069974879,-0.34343440546791065,-0.2025250774836392,-8.09935845048169,208.0864821969216
전방,2023-10-11,0.12,22300.0,23000.0,22100.0,22900.0,716.0,1680000.0,236979137636.0,47159660314.0,189819477322.0,94772410649.0,-32548106506.0,-19193789810.0,-32730628944.0,-10.111601865513856,-2.284974977380952,22.59755682404762,0.24844479069974879,-0.34343440546791065,-0.2025250774836392,-8.09935845048169,208.0864821969216
전방,2023-10-12,0.12,23000.0,23000.0,22650.0,23000.0,435.0,1680000.0,236979137636.0,47159660314.0,189819477322.0,94772410649.0,-32548106506.0,-19193789810.0,-32730628944.0,-10.111601865513856,-2.284974977380952,22.59755682404762,0.24844479069974879,-0.34343440546791065,-0.2025250774836392,-8.09935845048169,208.0864821969216
전방,2023-10-13,0.12,22400.0,22950.0,22200.0,22600.0,564.0,1680000.0,236979137636.0,47159660314.0,189819477322.0,94772410649.0,-32548106506.0,-19193789810.0,-32730628944.0,-10.111601865513856,-2.284974977380952,22.59755682404762,0.24844479069974879,-0.34343440546791065,-0.2025250774836392,-8.09935845048169,208.0864821969216
전방,2023-10-16,0.12,22600.0,22600.0,22150.0,22550.0,385.0,1680000.0,236979137636.0,47159660314.0,189819477322.0,94772410649.0,-32548106506.0,-19193789810.0,-32730628944.0,-10.111601865513856,-2.284974977380952,22.59755682404762,0.24844479069974879,-0.34343440546791065,-0.2025250774836392,-8.09935845048169,208.0864821969216
전방,2023-10-17,0.12,22100.0,22950.0,22100.0,22950.0,200.0,1680000.0,236979137636.0,47159660314.0,189819477322.0,94772410649.0,-32548106506.0,-19193789810.0,-32730628944.0,-10.111601865513856,-2.284974977380952,22.59755682404762,0.24844479069974879,-0.34343440546791065,-0.2025250774836392,-8.09935845048169,208.0864821969216
전방,2023-10-18,0.12,22950.0,23800.0,22500.0,23500.0,959.0,1680000.0,236979137636.0,47159660314.0,189819477322.0,94772410649.0,-32548106506.0,-19193789810.0,-32730628944.0,-10.111601865513856,-2.284974977380952,22.59755682404762,0.24844479069974879,-0.34343440546791065,-0.2025250774836392,-8.09935845048169,208.0864821969216
전방,2023-10-19,0.12,23500.0,23700.0,21800.0,23400.0,1743.0,1680000.0,236979137636.0,47159660314.0,189819477322.0,94772410649.0,-32548106506.0,-19193789810.0,-32730628944.0,-10.111601865513856,-2.284974977380952,22.59755682404762,0.24844479069974879,-0.34343440546791065,-0.2025250774836392,-8.09935845048169,208.0864821969216
전방,2023-10-20,0.12,23200.0,23400.0,22100.0,22950.0,1142.0,1680000.0,236979137636.0,47159660314.0,189819477322.0,94772410649.0,-32548106506.0,-19193789810.0,-32730628944.0,-10.111601865513856,-2.284974977380952,22.59755682404762,0.24844479069974879,-0.34343440546791065,-0.2025250774836392,-8.09935845048169,208.0864821969216
전방,2023-10-23,0.12,21850.0,22850.0,21850.0,22700.0,830.0,1680000.0,236979137636.0,47159660314.0,189819477322.0,94772410649.0,-32548106506.0,-19193789810.0,-32730628944.0,-10.111601865513856,-2.284974977380952,22.59755682404762,0.24844479069974879,-0.34343440546791065,-0.2025250774836392,-8.09935845048169,208.0864821969216
전방,2023-10-24,0.12,22450.0,22700.0,22000.0,22550.0,653.0,1680000.0,236979137636.0,47159660314.0,189819477322.0,94772410649.0,-32548106506.0,-19193789810.0,-32730628944.0,-10.111601865513856,-2.284974977380952,22.59755682404762,0.24844479069974879,-0.34343440546791065,-0.2025250774836392,-8.09935845048169,208.0864821969216
전방,2023-10-25,0.12,22300.0,22550.0,22050.0,22300.0,211.0,1680000.0,236979137636.0,47159660314.0,189819477322.0,94772410649.0,-32548106506.0,-19193789810.0,-32730628944.0,-10.111601865513856,-2.284974977380952,22.59755682404762,0.24844479069974879,-0.34343440546791065,-0.2025250774836392,-8.09935845048169,208.0864821969216
전방,2023-10-26,0.12,22250.0,22750.0,21800.0,21800.0,495.0,1680000.0,236979137636.0,47159660314.0,189819477322.0,94772410649.0,-32548106506.0,-19193789810.0,-32730628944.0,-10.111601865513856,-2.284974977380952,22.59755682404762,0.24844479069974879,-0.34343440546791065,-0.2025250774836392,-8.09935845048169,208.0864821969216
전방,2023-10-27,0.12,21800.0,23900.0,21750.0,21800.0,1733.0,1680000.0,236979137636.0,47159660314.0,189819477322.0,94772410649.0,-32548106506.0,-19193789810.0,-32730628944.0,-10.111601865513856,-2.284974977380952,22.59755682404762,0.24844479069974879,-0.34343440546791065,-0.2025250774836392,-8.09935845048169,208.0864821969216
전방,2023-10-30,0.12,21800.0,22900.0,21350.0,22800.0,700.0,1680000.0,236979137636.0,47159660314.0,189819477322.0,94772410649.0,-32548106506.0,-19193789810.0,-32730628944.0,-10.111601865513856,-2.284974977380952,22.59755682404762,0.24844479069974879,-0.34343440546791065,-0.2025250774836392,-8.09935845048169,208.0864821969216
전방,2023-10-31,0.12,22800.0,23900.0,22300.0,23700.0,628.0,1680000.0,236979137636.0,47159660314.0,189819477322.0,94772410649.0,-32548106506.0,-19193789810.0,-32730628944.0,-10.111601865513856,-2.284974977380952,22.59755682404762,0.24844479069974879,-0.34343440546791065,-0.2025250774836392,-8.09935845048169,208.0864821969216
전방,2023-11-01,0.12,23300.0,23600.0,23000.0,23050.0,553.0,1680000.0,236979137636.0,47159660314.0,189819477322.0,94772410649.0,-32548106506.0,-19193789810.0,-32730628944.0,-10.111601865513856,-2.284974977380952,22.59755682404762,0.24844479069974879,-0.34343440546791065,-0.2025250774836392,-8.09935845048169,208.0864821969216
전방,2023-11-02,0.12,23550.0,23550.0,22700.0,23450.0,656.0,1680000.0,236979137636.0,47159660314.0,189819477322.0,94772410649.0,-32548106506.0,-19193789810.0,-32730628944.0,-10.111601865513856,-2.284974977380952,22.59755682404762,0.24844479069974879,-0.34343440546791065,-0.2025250774836392,-8.09935845048169,208.0864821969216
전방,2023-11-03,0.12,23250.0,24100.0,23050.0,24000.0,1534.0,1680000.0,236979137636.0,47159660314.0,189819477322.0,94772410649.0,-32548106506.0,-19193789810.0,-32730628944.0,-10.111601865513856,-2.284974977380952,22.59755682404762,0.24844479069974879,-0.34343440546791065,-0.2025250774836392,-8.09935845048169,208.0864821969216
전방,2023-11-06,0.12,24000.0,24300.0,23600.0,23750.0,679.0,1680000.0,236979137636.0,47159660314.0,189819477322.0,94772410649.0,-32548106506.0,-19193789810.0,-32730628944.0,-10.111601865513856,-2.284974977380952,22.59755682404762,0.24844479069974879,-0.34343440546791065,-0.2025250774836392,-8.09935845048169,208.0864821969216
전방,2023-11-07,0.12,23750.0,23850.0,23350.0,23800.0,815.0,1680000.0,236979137636.0,47159660314.0,189819477322.0,94772410649.0,-32548106506.0,-19193789810.0,-32730628944.0,-10.111601865513856,-2.284974977380952,22.59755682404762,0.24844479069974879,-0.34343440546791065,-0.2025250774836392,-8.09935845048169,208.0864821969216
전방,2023-11-08,0.12,24400.0,24400.0,23500.0,24200.0,759.0,1680000.0,236979137636.0,47159660314.0,189819477322.0,94772410649.0,-32548106506.0,-19193789810.0,-32730628944.0,-10.111601865513856,-2.284974977380952,22.59755682404762,0.24844479069974879,-0.34343440546791065,-0.2025250774836392,-8.09935845048169,208.0864821969216
전방,2023-11-09,0.12,24200.0,24700.0,23800.0,24500.0,1320.0,1680000.0,236979137636.0,47159660314.0,189819477322.0,94772410649.0,-32548106506.0,-19193789810.0,-32730628944.0,-10.111601865513856,-2.284974977380952,22.59755682404762,0.24844479069974879,-0.34343440546791065,-0.2025250774836392,-8.09935845048169,208.0864821969216
전방,2023-11-10,0.12,24500.0,24700.0,23650.0,24700.0,897.0,1680000.0,236979137636.0,47159660314.0,189819477322.0,94772410649.0,-32548106506.0,-19193789810.0,-32730628944.0,-10.111601865513856,-2.284974977380952,22.59755682404762,0.24844479069974879,-0.34343440546791065,-0.2025250774836392,-8.09935845048169,208.0864821969216
전방,2023-11-13,0.12,24650.0,24800.0,24000.0,24450.0,1006.0,1680000.0,236979137636.0,47159660314.0,189819477322.0,94772410649.0,-32548106506.0,-19193789810.0,-32730628944.0,-10.111601865513856,-2.284974977380952,22.59755682404762,0.24844479069974879,-0.34343440546791065,-0.2025250774836392,-8.09935845048169,208.0864821969216
전방,2023-11-14,0.12,24450.0,24450.0,24000.0,24350.0,254.0,1680000.0,236979137636.0,47159660314.0,189819477322.0,94772410649.0,-32548106506.0,-19193789810.0,-32730628944.0,-10.111601865513856,-2.284974977380952,22.59755682404762,0.24844479069974879,-0.34343440546791065,-0.2025250774836392,-8.09935845048169,208.0864821969216
전방,2023-11-15,0.12,24300.0,24800.0,23700.0,24350.0,1569.0,1680000.0,236979137636.0,47159660314.0,189819477322.0,94772410649.0,-32548106506.0,-19193789810.0,-32730628944.0,-10.111601865513856,-2.284974977380952,22.59755682404762,0.24844479069974879,-0.34343440546791065,-0.2025250774836392,-8.09935845048169,208.0864821969216
전방,2023-11-16,0.12,24300.0,24300.0,23750.0,24000.0,1066.0,1680000.0,236979137636.0,47159660314.0,189819477322.0,94772410649.0,-32548106506.0,-19193789810.0,-32730628944.0,-10.111601865513856,-2.284974977380952,22.59755682404762,0.24844479069974879,-0.34343440546791065,-0.2025250774836392,-8.09935845048169,208.0864821969216
전방,2023-11-17,0.12,23800.0,24000.0,23750.0,23900.0,219.0,1680000.0,236979137636.0,47159660314.0,189819477322.0,94772410649.0,-32548106506.0,-19193789810.0,-32730628944.0,-10.111601865513856,-2.284974977380952,22.59755682404762,0.24844479069974879,-0.34343440546791065,-0.2025250774836392,-8.09935845048169,208.0864821969216
전방,2023-11-20,0.12,23700.0,23950.0,23450.0,23750.0,1274.0,1680000.0,236979137636.0,47159660314.0,189819477322.0,94772410649.0,-32548106506.0,-19193789810.0,-32730628944.0,-10.111601865513856,-2.284974977380952,22.59755682404762,0.24844479069974879,-0.34343440546791065,-0.2025250774836392,-8.09935845048169,208.0864821969216
전방,2023-11-21,0.12,23750.0,24500.0,23650.0,24050.0,413.0,1680000.0,236979137636.0,47159660314.0,189819477322.0,94772410649.0,-32548106506.0,-19193789810.0,-32730628944.0,-10.111601865513856,-2.284974977380952,22.59755682404762,0.24844479069974879,-0.34343440546791065,-0.2025250774836392,-8.09935845048169,208.0864821969216
전방,2023-11-22,0.12,24050.0,24350.0,23800.0,24000.0,319.0,1680000.0,236979137636.0,47159660314.0,189819477322.0,94772410649.0,-32548106506.0,-19193789810.0,-32730628944.0,-10.111601865513856,-2.284974977380952,22.59755682404762,0.24844479069974879,-0.34343440546791065,-0.2025250774836392,-8.09935845048169,208.0864821969216
전방,2023-11-23,0.12,23800.0,24000.0,23750.0,24000.0,242.0,1680000.0,236979137636.0,47159660314.0,189819477322.0,94772410649.0,-32548106506.0,-19193789810.0,-32730628944.0,-10.111601865513856,-2.284974977380952,22.59755682404762,0.24844479069974879,-0.34343440546791065,-0.2025250774836392,-8.09935845048169,208.0864821969216
전방,2023-11-24,0.12,24000.0,24250.0,23900.0,24150.0,519.0,1680000.0,236979137636.0,47159660314.0,189819477322.0,94772410649.0,-32548106506.0,-19193789810.0,-32730628944.0,-10.111601865513856,-2.284974977380952,22.59755682404762,0.24844479069974879,-0.34343440546791065,-0.2025250774836392,-8.09935845048169,208.0864821969216
전방,2023-11-27,0.12,24150.0,24150.0,23500.0,23500.0,1852.0,1680000.0,236979137636.0,47159660314.0,189819477322.0,94772410649.0,-32548106506.0,-19193789810.0,-32730628944.0,-10.111601865513856,-2.284974977380952,22.59755682404762,0.24844479069974879,-0.34343440546791065,-0.2025250774836392,-8.09935845048169,208.0864821969216
전방,2023-11-28,0.12,23500.0,24350.0,23500.0,24000.0,707.0,1680000.0,236979137636.0,47159660314.0,189819477322.0,94772410649.0,-32548106506.0,-19193789810.0,-32730628944.0,-10.111601865513856,-2.284974977380952,22.59755682404762,0.24844479069974879,-0.34343440546791065,-0.2025250774836392,-8.09935845048169,208.0864821969216
전방,2023-11-29,0.12,24200.0,24200.0,23100.0,24050.0,1100.0,1680000.0,236979137636.0,47159660314.0,189819477322.0,94772410649.0,-32548106506.0,-19193789810.0,-32730628944.0,-10.111601865513856,-2.284974977380952,22.59755682404762,0.24844479069974879,-0.34343440546791065,-0.2025250774836392,-8.09935845048169,208.0864821969216
전방,2023-11-30,0.12,24050.0,24300.0,23500.0,23650.0,2671.0,1680000.0,236979137636.0,47159660314.0,189819477322.0,94772410649.0,-32548106506.0,-19193789810.0,-32730628944.0,-10.111601865513856,-2.284974977380952,22.59755682404762,0.24844479069974879,-0.34343440546791065,-0.2025250774836392,-8.09935845048169,208.0864821969216
전방,2023-12-01,0.12,23550.0,24100.0,23500.0,24000.0,452.0,1680000.0,236979137636.0,47159660314.0,189819477322.0,94772410649.0,-32548106506.0,-19193789810.0,-32730628944.0,-10.111601865513856,-2.284974977380952,22.59755682404762,0.24844479069974879,-0.34343440546791065,-0.2025250774836392,-8.09935845048169,208.0864821969216
전방,2023-12-04,0.12,23700.0,24350.0,23600.0,24150.0,1521.0,1680000.0,236979137636.0,47159660314.0,189819477322.0,94772410649.0,-32548106506.0,-19193789810.0,-32730628944.0,-10.111601865513856,-2.284974977380952,22.59755682404762,0.24844479069974879,-0.34343440546791065,-0.2025250774836392,-8.09935845048169,208.0864821969216
전방,2023-12-05,0.12,24150.0,24900.0,23300.0,23300.0,1648.0,1680000.0,236979137636.0,47159660314.0,189819477322.0,94772410649.0,-32548106506.0,-19193789810.0,-32730628944.0,-10.111601865513856,-2.284974977380952,22.59755682404762,0.24844479069974879,-0.34343440546791065,-0.2025250774836392,-8.09935845048169,208.0864821969216
전방,2023-12-06,0.12,23300.0,23850.0,23300.0,23350.0,825.0,1680000.0,236979137636.0,47159660314.0,189819477322.0,94772410649.0,-32548106506.0,-19193789810.0,-32730628944.0,-10.111601865513856,-2.284974977380952,22.59755682404762,0.24844479069974879,-0.34343440546791065,-0.2025250774836392,-8.09935845048169,208.0864821969216
전방,2023-12-07,0.12,23200.0,23850.0,23100.0,23750.0,246.0,1680000.0,236979137636.0,47159660314.0,189819477322.0,94772410649.0,-32548106506.0,-19193789810.0,-32730628944.0,-10.111601865513856,-2.284974977380952,22.59755682404762,0.24844479069974879,-0.34343440546791065,-0.2025250774836392,-8.09935845048169,208.0864821969216
전방,2023-12-08,0.12,23600.0,23900.0,23300.0,23450.0,1004.0,1680000.0,236979137636.0,47159660314.0,189819477322.0,94772410649.0,-32548106506.0,-19193789810.0,-32730628944.0,-10.111601865513856,-2.284974977380952,22.59755682404762,0.24844479069974879,-0.34343440546791065,-0.2025250774836392,-8.09935845048169,208.0864821969216
전방,2023-12-11,0.12,23450.0,23800.0,23150.0,23200.0,854.0,1680000.0,236979137636.0,47159660314.0,189819477322.0,94772410649.0,-32548106506.0,-19193789810.0,-32730628944.0,-10.111601865513856,-2.284974977380952,22.59755682404762,0.24844479069974879,-0.34343440546791065,-0.2025250774836392,-8.09935845048169,208.0864821969216
전방,2023-12-12,0.12,23200.0,23750.0,23200.0,23300.0,402.0,1680000.0,236979137636.0,47159660314.0,189819477322.0,94772410649.0,-32548106506.0,-19193789810.0,-32730628944.0,-10.111601865513856,-2.284974977380952,22.59755682404762,0.24844479069974879,-0.34343440546791065,-0.2025250774836392,-8.09935845048169,208.0864821969216
전방,2023-12-13,0.12,23300.0,23850.0,23300.0,23750.0,1380.0,1680000.0,236979137636.0,47159660314.0,189819477322.0,94772410649.0,-32548106506.0,-19193789810.0,-32730628944.0,-10.111601865513856,-2.284974977380952,22.59755682404762,0.24844479069974879,-0.34343440546791065,-0.2025250774836392,-8.09935845048169,208.0864821969216
전방,2023-12-14,0.12,23800.0,24650.0,23750.0,23800.0,3799.0,1680000.0,236979137636.0,47159660314.0,189819477322.0,94772410649.0,-32548106506.0,-19193789810.0,-32730628944.0,-10.111601865513856,-2.284974977380952,22.59755682404762,0.24844479069974879,-0.34343440546791065,-0.2025250774836392,-8.09935845048169,208.0864821969216
전방,2023-12-15,0.12,23950.0,24450.0,23600.0,24300.0,1711.0,1680000.0,236979137636.0,47159660314.0,189819477322.0,94772410649.0,-32548106506.0,-19193789810.0,-32730628944.0,-10.111601865513856,-2.284974977380952,22.59755682404762,0.24844479069974879,-0.34343440546791065,-0.2025250774836392,-8.09935845048169,208.0864821969216
전방,2023-12-18,0.12,24600.0,24600.0,23900.0,23900.0,1092.0,1680000.0,236979137636.0,47159660314.0,189819477322.0,94772410649.0,-32548106506.0,-19193789810.0,-32730628944.0,-10.111601865513856,-2.284974977380952,22.59755682404762,0.24844479069974879,-0.34343440546791065,-0.2025250774836392,-8.09935845048169,208.0864821969216
전방,2023-12-19,0.12,23700.0,24500.0,23500.0,23600.0,865.0,1680000.0,236979137636.0,47159660314.0,189819477322.0,94772410649.0,-32548106506.0,-19193789810.0,-32730628944.0,-10.111601865513856,-2.284974977380952,22.59755682404762,0.24844479069974879,-0.34343440546791065,-0.2025250774836392,-8.09935845048169,208.0864821969216
전방,2023-12-20,0.12,24200.0,24200.0,23450.0,23700.0,1052.0,1680000.0,236979137636.0,47159660314.0,189819477322.0,94772410649.0,-32548106506.0,-19193789810.0,-32730628944.0,-10.111601865513856,-2.284974977380952,22.59755682404762,0.24844479069974879,-0.34343440546791065,-0.2025250774836392,-8.09935845048169,208.0864821969216
전방,2023-12-21,0.12,23500.0,23650.0,23100.0,23250.0,1467.0,1680000.0,236979137636.0,47159660314.0,189819477322.0,94772410649.0,-32548106506.0,-19193789810.0,-32730628944.0,-10.111601865513856,-2.284974977380952,22.59755682404762,0.24844479069974879,-0.34343440546791065,-0.2025250774836392,-8.09935845048169,208.0864821969216
전방,2023-12-22,0.12,23250.0,23750.0,23100.0,23500.0,1351.0,1680000.0,236979137636.0,47159660314.0,189819477322.0,94772410649.0,-32548106506.0,-19193789810.0,-32730628944.0,-10.111601865513856,-2.284974977380952,22.59755682404762,0.24844479069974879,-0.34343440546791065,-0.2025250774836392,-8.09935845048169,208.0864821969216
전방,2023-12-26,0.12,23250.0,24000.0,22800.0,22850.0,4770.0,1680000.0,236979137636.0,47159660314.0,189819477322.0,94772410649.0,-32548106506.0,-19193789810.0,-32730628944.0,-10.111601865513856,-2.284974977380952,22.59755682404762,0.24844479069974879,-0.34343440546791065,-0.2025250774836392,-8.09935845048169,208.0864821969216
전방,2023-12-27,0.12,22850.0,23750.0,22300.0,22300.0,2932.0,1680000.0,236979137636.0,47159660314.0,189819477322.0,94772410649.0,-32548106506.0,-19193789810.0,-32730628944.0,-10.111601865513856,-2.284974977380952,22.59755682404762,0.24844479069974879,-0.34343440546791065,-0.2025250774836392,-8.09935845048169,208.0864821969216
전방,2023-12-28,0.12,22400.0,23100.0,22350.0,23100.0,637.0,1680000.0,236979137636.0,47159660314.0,189819477322.0,94772410649.0,-32548106506.0,-19193789810.0,-32730628944.0,-10.111601865513856,-2.284974977380952,22.59755682404762,0.24844479069974879,-0.34343440546791065,-0.2025250774836392,-8.09935845048169,208.0864821969216
전방,2024-01-02,0.12,23200.0,23300.0,22500.0,23100.0,1686.0,1680000.0,235342219409.0,45202428175.0,190139791234.0,15691387966.0,-990475612.0,320313912.0,6661182397.0,0.1684623244409678,0.0381326085714285,22.63568943261905,0.23773260652932227,-0.06312224349727101,0.02041335748590591,0.1361055881959403,-83.44308448150088
전방,2024-01-03,0.12,23050.0,23300.0,22650.0,22650.0,2336.0,1680000.0,235342219409.0,45202428175.0,190139791234.0,15691387966.0,-990475612.0,320313912.0,6661182397.0,0.1684623244409678,0.0381326085714285,22.63568943261905,0.23773260652932227,-0.06312224349727101,0.02041335748590591,0.1361055881959403,-83.44308448150088
전방,2024-01-04,0.12,22600.0,22900.0,22350.0,22900.0,812.0,1680000.0,235342219409.0,45202428175.0,190139791234.0,15691387966.0,-990475612.0,320313912.0,6661182397.0,0.1684623244409678,0.0381326085714285,22.63568943261905,0.23773260652932227,-0.06312224349727101,0.02041335748590591,0.1361055881959403,-83.44308448150088
전방,2024-01-05,0.12,22700.0,22700.0,22350.0,22550.0,1197.0,1680000.0,235342219409.0,45202428175.0,190139791234.0,15691387966.0,-990475612.0,320313912.0,6661182397.0,0.1684623244409678,0.0381326085714285,22.63568943261905,0.23773260652932227,-0.06312224349727101,0.02041335748590591,0.1361055881959403,-83.44308448150088
전방,2024-01-08,0.12,22400.0,22700.0,22050.0,22600.0,3517.0,1680000.0,235342219409.0,45202428175.0,190139791234.0,15691387966.0,-990475612.0,320313912.0,6661182397.0,0.1684623244409678,0.0381326085714285,22.63568943261905,0.23773260652932227,-0.06312224349727101,0.02041335748590591,0.1361055881959403,-83.44308448150088
전방,2024-01-09,0.12,22650.0,23000.0,22300.0,22650.0,1961.0,1680000.0,235342219409.0,45202428175.0,190139791234.0,15691387966.0,-990475612.0,320313912.0,6661182397.0,0.1684623244409678,0.0381326085714285,22.63568943261905,0.23773260652932227,-0.06312224349727101,0.02041335748590591,0.1361055881959403,-83.44308448150088
전방,2024-01-10,0.12,23000.0,23400.0,22000.0,22150.0,6905.0,1680000.0,235342219409.0,45202428175.0,190139791234.0,15691387966.0,-990475612.0,320313912.0,6661182397.0,0.1684623244409678,0.0381326085714285,22.63568943261905,0.23773260652932227,-0.06312224349727101,0.02041335748590591,0.1361055881959403,-83.44308448150088
전방,2024-01-11,0.12,22150.0,22650.0,22150.0,22200.0,955.0,1680000.0,235342219409.0,45202428175.0,190139791234.0,15691387966.0,-990475612.0,320313912.0,6661182397.0,0.1684623244409678,0.0381326085714285,22.63568943261905,0.23773260652932227,-0.06312224349727101,0.02041335748590591,0.1361055881959403,-83.44308448150088
전방,2024-01-12,0.12,22300.0,22350.0,21900.0,22150.0,3443.0,1680000.0,235342219409.0,45202428175.0,190139791234.0,15691387966.0,-990475612.0,320313912.0,6661182397.0,0.1684623244409678,0.0381326085714285,22.63568943261905,0.23773260652932227,-0.06312224349727101,0.02041335748590591,0.1361055881959403,-83.44308448150088
전방,2024-01-15,0.12,21900.0,22500.0,21800.0,22150.0,2158.0,1680000.0,235342219409.0,45202428175.0,190139791234.0,15691387966.0,-990475612.0,320313912.0,6661182397.0,0.1684623244409678,0.0381326085714285,22.63568943261905,0.23773260652932227,-0.06312224349727101,0.02041335748590591,0.1361055881959403,-83.44308448150088
전방,2024-01-16,0.12,22050.0,22050.0,21350.0,21450.0,2059.0,1680000.0,235342219409.0,45202428175.0,190139791234.0,15691387966.0,-990475612.0,320313912.0,6661182397.0,0.1684623244409678,0.0381326085714285,22.63568943261905,0.23773260652932227,-0.06312224349727101,0.02041335748590591,0.1361055881959403,-83.44308448150088
전방,2024-01-17,0.12,21150.0,21300.0,20950.0,21200.0,1259.0,1680000.0,235342219409.0,45202428175.0,190139791234.0,15691387966.0,-990475612.0,320313912.0,6661182397.0,0.1684623244409678,0.0381326085714285,22.63568943261905,0.23773260652932227,-0.06312224349727101,0.02041335748590591,0.1361055881959403,-83.44308448150088
전방,2024-01-18,0.12,21100.0,21300.0,20600.0,21050.0,1508.0,1680000.0,235342219409.0,45202428175.0,190139791234.0,15691387966.0,-990475612.0,320313912.0,6661182397.0,0.1684623244409678,0.0381326085714285,22.63568943261905,0.23773260652932227,-0.06312224349727101,0.02041335748590591,0.1361055881959403,-83.44308448150088
전방,2024-01-19,0.12,21350.0,21600.0,20900.0,21050.0,517.0,1680000.0,235342219409.0,45202428175.0,190139791234.0,15691387966.0,-990475612.0,320313912.0,6661182397.0,0.1684623244409678,0.0381326085714285,22.63568943261905,0.23773260652932227,-0.06312224349727101,0.02041335748590591,0.1361055881959403,-83.44308448150088
전방,2024-01-22,0.12,21350.0,21350.0,20650.0,20750.0,3976.0,1680000.0,235342219409.0,45202428175.0,190139791234.0,15691387966.0,-990475612.0,320313912.0,6661182397.0,0.1684623244409678,0.0381326085714285,22.63568943261905,0.23773260652932227,-0.06312224349727101,0.02041335748590591,0.1361055881959403,-83.44308448150088
전방,2024-01-23,0.12,20750.0,22300.0,20700.0,21500.0,2272.0,1680000.0,235342219409.0,45202428175.0,190139791234.0,15691387966.0,-990475612.0,320313912.0,6661182397.0,0.1684623244409678,0.0381326085714285,22.63568943261905,0.23773260652932227,-0.06312224349727101,0.02041335748590591,0.1361055881959403,-83.44308448150088
전방,2024-01-24,0.12,21500.0,22000.0,21100.0,21650.0,1528.0,1680000.0,235342219409.0,45202428175.0,190139791234.0,15691387966.0,-990475612.0,320313912.0,6661182397.0,0.1684623244409678,0.0381326085714285,22.63568943261905,0.23773260652932227,-0.06312224349727101,0.02041335748590591,0.1361055881959403,-83.44308448150088
전방,2024-01-25,0.12,21650.0,21950.0,21350.0,21800.0,1225.0,1680000.0,235342219409.0,45202428175.0,190139791234.0,15691387966.0,-990475612.0,320313912.0,6661182397.0,0.1684623244409678,0.0381326085714285,22.63568943261905,0.23773260652932227,-0.06312224349727101,0.02041335748590591,0.1361055881959403,-83.44308448150088
전방,2024-01-26,0.12,21300.0,22350.0,21300.0,22200.0,2419.0,1680000.0,235342219409.0,45202428175.0,190139791234.0,15691387966.0,-990475612.0,320313912.0,6661182397.0,0.1684623244409678,0.0381326085714285,22.63568943261905,0.23773260652932227,-0.06312224349727101,0.02041335748590591,0.1361055881959403,-83.44308448150088
전방,2024-01-29,0.12,22100.0,24350.0,22100.0,23900.0,10255.0,1680000.0,235342219409.0,45202428175.0,190139791234.0,15691387966.0,-990475612.0,320313912.0,6661182397.0,0.1684623244409678,0.0381326085714285,22.63568943261905,0.23773260652932227,-0.06312224349727101,0.02041335748590591,0.1361055881959403,-83.44308448150088
전방,2024-01-30,0.12,24200.0,27000.0,23750.0,25750.0,22749.0,1680000.0,235342219409.0,45202428175.0,190139791234.0,15691387966.0,-990475612.0,320313912.0,6661182397.0,0.1684623244409678,0.0381326085714285,22.63568943261905,0.23773260652932227,-0.06312224349727101,0.02041335748590591,0.1361055881959403,-83.44308448150088
전방,2024-01-31,0.12,25900.0,26600.0,24050.0,25300.0,12253.0,1680000.0,235342219409.0,45202428175.0,190139791234.0,15691387966.0,-990475612.0,320313912.0,6661182397.0,0.1684623244409678,0.0381326085714285,22.63568943261905,0.23773260652932227,-0.06312224349727101,0.02041335748590591,0.1361055881959403,-83.44308448150088
전방,2024-02-01,0.12,25300.0,25300.0,23850.0,24350.0,8073.0,1680000.0,235342219409.0,45202428175.0,190139791234.0,15691387966.0,-990475612.0,320313912.0,6661182397.0,0.1684623244409678,0.0381326085714285,22.63568943261905,0.23773260652932227,-0.06312224349727101,0.02041335748590591,0.1361055881959403,-83.44308448150088
전방,2024-02-02,0.12,24350.0,25000.0,24150.0,24950.0,4967.0,1680000.0,235342219409.0,45202428175.0,190139791234.0,15691387966.0,-990475612.0,320313912.0,6661182397.0,0.1684623244409678,0.0381326085714285,22.63568943261905,0.23773260652932227,-0.06312224349727101,0.02041335748590591,0.1361055881959403,-83.44308448150088
전방,2024-02-05,0.12,25400.0,26900.0,25000.0,25500.0,8087.0,1680000.0,235342219409.0,45202428175.0,190139791234.0,15691387966.0,-990475612.0,320313912.0,6661182397.0,0.1684623244409678,0.0381326085714285,22.63568943261905,0.23773260652932227,-0.06312224349727101,0.02041335748590591,0.1361055881959403,-83.44308448150088
전방,2024-02-06,0.12,25450.0,26300.0,24800.0,25600.0,3990.0,1680000.0,235342219409.0,45202428175.0,190139791234.0,15691387966.0,-990475612.0,320313912.0,6661182397.0,0.1684623244409678,0.0381326085714285,22.63568943261905,0.23773260652932227,-0.06312224349727101,0.02041335748590591,0.1361055881959403,-83.44308448150088
전방,2024-02-07,0.12,25850.0,26100.0,25150.0,25600.0,3376.0,1680000.0,235342219409.0,45202428175.0,190139791234.0,15691387966.0,-990475612.0,320313912.0,6661182397.0,0.1684623244409678,0.0381326085714285,22.63568943261905,0.23773260652932227,-0.06312224349727101,0.02041335748590591,0.1361055881959403,-83.44308448150088
전방,2024-02-08,0.12,26000.0,26450.0,25200.0,25200.0,2259.0,1680000.0,235342219409.0,45202428175.0,190139791234.0,15691387966.0,-990475612.0,320313912.0,6661182397.0,0.1684623244409678,0.0381326085714285,22.63568943261905,0.23773260652932227,-0.06312224349727101,0.02041335748590591,0.1361055881959403,-83.44308448150088
전방,2024-02-13,0.12,25400.0,25600.0,24800.0,25200.0,1962.0,1680000.0,235342219409.0,45202428175.0,190139791234.0,15691387966.0,-990475612.0,320313912.0,6661182397.0,0.1684623244409678,0.0381326085714285,22.63568943261905,0.23773260652932227,-0.06312224349727101,0.02041335748590591,0.1361055881959403,-83.44308448150088
전방,2024-02-14,0.12,25500.0,25500.0,24700.0,24700.0,1530.0,1680000.0,235342219409.0,45202428175.0,190139791234.0,15691387966.0,-990475612.0,320313912.0,6661182397.0,0.1684623244409678,0.0381326085714285,22.63568943261905,0.23773260652932227,-0.06312224349727101,0.02041335748590591,0.1361055881959403,-83.44308448150088
전방,2024-02-15,0.12,25050.0,25150.0,24200.0,24800.0,4450.0,1680000.0,235342219409.0,45202428175.0,190139791234.0,15691387966.0,-990475612.0,320313912.0,6661182397.0,0.1684623244409678,0.0381326085714285,22.63568943261905,0.23773260652932227,-0.06312224349727101,0.02041335748590591,0.1361055881959403,-83.44308448150088
전방,2024-02-16,0.12,23800.0,24300.0,23100.0,24250.0,10338.0,1680000.0,235342219409.0,45202428175.0,190139791234.0,15691387966.0,-990475612.0,320313912.0,6661182397.0,0.1684623244409678,0.0381326085714285,22.63568943261905,0.23773260652932227,-0.06312224349727101,0.02041335748590591,0.1361055881959403,-83.44308448150088
전방,2024-02-19,0.12,24350.0,25100.0,24350.0,24700.0,1671.0,1680000.0,235342219409.0,45202428175.0,190139791234.0,15691387966.0,-990475612.0,320313912.0,6661182397.0,0.1684623244409678,0.0381326085714285,22.63568943261905,0.23773260652932227,-0.06312224349727101,0.02041335748590591,0.1361055881959403,-83.44308448150088
전방,2024-02-20,0.12,24800.0,24800.0,23800.0,24700.0,2793.0,1680000.0,235342219409.0,45202428175.0,190139791234.0,15691387966.0,-990475612.0,320313912.0,6661182397.0,0.1684623244409678,0.0381326085714285,22.63568943261905,0.23773260652932227,-0.06312224349727101,0.02041335748590591,0.1361055881959403,-83.44308448150088
전방,2024-02-21,0.12,24700.0,26000.0,24350.0,25100.0,3701.0,1680000.0,235342219409.0,45202428175.0,190139791234.0,15691387966.0,-990475612.0,320313912.0,6661182397.0,0.1684623244409678,0.0381326085714285,22.63568943261905,0.23773260652932227,-0.06312224349727101,0.02041335748590591,0.1361055881959403,-83.44308448150088
전방,2024-02-22,0.12,25100.0,25100.0,24650.0,24950.0,1964.0,1680000.0,235342219409.0,45202428175.0,190139791234.0,15691387966.0,-990475612.0,320313912.0,6661182397.0,0.1684623244409678,0.0381326085714285,22.63568943261905,0.23773260652932227,-0.06312224349727101,0.02041335748590591,0.1361055881959403,-83.44308448150088
전방,2024-02-23,0.12,24800.0,24950.0,24350.0,24700.0,2286.0,1680000.0,235342219409.0,45202428175.0,190139791234.0,15691387966.0,-990475612.0,320313912.0,6661182397.0,0.1684623244409678,0.0381326085714285,22.63568943261905,0.23773260652932227,-0.06312224349727101,0.02041335748590591,0.1361055881959403,-83.44308448150088
전방,2024-02-26,0.12,25400.0,26450.0,24350.0,24400.0,2493.0,1680000.0,235342219409.0,45202428175.0,190139791234.0,15691387966.0,-990475612.0,320313912.0,6661182397.0,0.1684623244409678,0.0381326085714285,22.63568943261905,0.23773260652932227,-0.06312224349727101,0.02041335748590591,0.1361055881959403,-83.44308448150088
전방,2024-02-27,0.12,25250.0,25250.0,22950.0,22950.0,2749.0,1680000.0,235342219409.0,45202428175.0,190139791234.0,15691387966.0,-990475612.0,320313912.0,6661182397.0,0.1684623244409678,0.0381326085714285,22.63568943261905,0.23773260652932227,-0.06312224349727101,0.02041335748590591,0.1361055881959403,-83.44308448150088
전방,2024-02-28,0.12,22950.0,23900.0,22700.0,22700.0,1623.0,1680000.0,235342219409.0,45202428175.0,190139791234.0,15691387966.0,-990475612.0,320313912.0,6661182397.0,0.1684623244409678,0.0381326085714285,22.63568943261905,0.23773260652932227,-0.06312224349727101,0.02041335748590591,0.1361055881959403,-83.44308448150088
전방,2024-02-29,0.12,22700.0,23500.0,22400.0,22600.0,1110.0,1680000.0,235342219409.0,45202428175.0,190139791234.0,15691387966.0,-990475612.0,320313912.0,6661182397.0,0.1684623244409678,0.0381326085714285,22.63568943261905,0.23773260652932227,-0.06312224349727101,0.02041335748590591,0.1361055881959403,-83.44308448150088
전방,2024-03-04,0.12,22600.0,23350.0,22600.0,22800.0,1639.0,1680000.0,235342219409.0,45202428175.0,190139791234.0,15691387966.0,-990475612.0,320313912.0,6661182397.0,0.1684623244409678,0.0381326085714285,22.63568943261905,0.23773260652932227,-0.06312224349727101,0.02041335748590591,0.1361055881959403,-83.44308448150088
전방,2024-03-05,0.12,22800.0,23000.0,22350.0,23000.0,1162.0,1680000.0,235342219409.0,45202428175.0,190139791234.0,15691387966.0,-990475612.0,320313912.0,6661182397.0,0.1684623244409678,0.0381326085714285,22.63568943261905,0.23773260652932227,-0.06312224349727101,0.02041335748590591,0.1361055881959403,-83.44308448150088
전방,2024-03-06,0.12,22900.0,23000.0,22500.0,23000.0,692.0,1680000.0,235342219409.0,45202428175.0,190139791234.0,15691387966.0,-990475612.0,320313912.0,6661182397.0,0.1684623244409678,0.0381326085714285,22.63568943261905,0.23773260652932227,-0.06312224349727101,0.02041335748590591,0.1361055881959403,-83.44308448150088
전방,2024-03-07,0.12,22900.0,22900.0,22000.0,22200.0,1120.0,1680000.0,235342219409.0,45202428175.0,190139791234.0,15691387966.0,-990475612.0,320313912.0,6661182397.0,0.1684623244409678,0.0381326085714285,22.63568943261905,0.23773260652932227,-0.06312224349727101,0.02041335748590591,0.1361055881959403,-83.44308448150088
전방,2024-03-08,0.12,22100.0,22400.0,21750.0,22200.0,2299.0,1680000.0,235342219409.0,45202428175.0,190139791234.0,15691387966.0,-990475612.0,320313912.0,6661182397.0,0.1684623244409678,0.0381326085714285,22.63568943261905,0.23773260652932227,-0.06312224349727101,0.02041335748590591,0.1361055881959403,-83.44308448150088
전방,2024-03-11,0.12,22450.0,22550.0,21750.0,21850.0,871.0,1680000.0,235342219409.0,45202428175.0,190139791234.0,15691387966.0,-990475612.0,320313912.0,6661182397.0,0.1684623244409678,0.0381326085714285,22.63568943261905,0.23773260652932227,-0.06312224349727101,0.02041335748590591,0.1361055881959403,-83.44308448150088
전방,2024-03-12,0.12,21850.0,22000.0,21500.0,21600.0,1057.0,1680000.0,235342219409.0,45202428175.0,190139791234.0,15691387966.0,-990475612.0,320313912.0,6661182397.0,0.1684623244409678,0.0381326085714285,22.63568943261905,0.23773260652932227,-0.06312224349727101,0.02041335748590591,0.1361055881959403,-83.44308448150088
전방,2024-03-13,0.12,21700.0,22000.0,21450.0,21950.0,2217.0,1680000.0,235342219409.0,45202428175.0,190139791234.0,15691387966.0,-990475612.0,320313912.0,6661182397.0,0.1684623244409678,0.0381326085714285,22.63568943261905,0.23773260652932227,-0.06312224349727101,0.02041335748590591,0.1361055881959403,-83.44308448150088
전방,2024-03-14,0.12,22000.0,22400.0,22000.0,22250.0,340.0,1680000.0,235342219409.0,45202428175.0,190139791234.0,15691387966.0,-990475612.0,320313912.0,6661182397.0,0.1684623244409678,0.0381326085714285,22.63568943261905,0.23773260652932227,-0.06312224349727101,0.02041335748590591,0.1361055881959403,-83.44308448150088
전방,2024-03-15,0.12,22250.0,22550.0,22200.0,22300.0,616.0,1680000.0,235342219409.0,45202428175.0,190139791234.0,15691387966.0,-990475612.0,320313912.0,6661182397.0,0.1684623244409678,0.0381326085714285,22.63568943261905,0.23773260652932227,-0.06312224349727101,0.02041335748590591,0.1361055881959403,-83.44308448150088
전방,2024-03-18,0.12,22300.0,23650.0,22300.0,22650.0,1011.0,1680000.0,235342219409.0,45202428175.0,190139791234.0,15691387966.0,-990475612.0,320313912.0,6661182397.0,0.1684623244409678,0.0381326085714285,22.63568943261905,0.23773260652932227,-0.06312224349727101,0.02041335748590591,0.1361055881959403,-83.44308448150088
전방,2024-03-19,0.12,23000.0,24200.0,22500.0,22550.0,2531.0,1680000.0,235342219409.0,45202428175.0,190139791234.0,15691387966.0,-990475612.0,320313912.0,6661182397.0,0.1684623244409678,0.0381326085714285,22.63568943261905,0.23773260652932227,-0.06312224349727101,0.02041335748590591,0.1361055881959403,-83.44308448150088
전방,2024-03-20,0.12,22550.0,24100.0,22550.0,23150.0,1268.0,1680000.0,235342219409.0,45202428175.0,190139791234.0,15691387966.0,-990475612.0,320313912.0,6661182397.0,0.1684623244409678,0.0381326085714285,22.63568943261905,0.23773260652932227,-0.06312224349727101,0.02041335748590591,0.1361055881959403,-83.44308448150088
전방,2024-03-21,0.12,22950.0,23400.0,22650.0,23150.0,991.0,1680000.0,235342219409.0,45202428175.0,190139791234.0,15691387966.0,-990475612.0,320313912.0,6661182397.0,0.1684623244409678,0.0381326085714285,22.63568943261905,0.23773260652932227,-0.06312224349727101,0.02041335748590591,0.1361055881959403,-83.44308448150088
전방,2024-03-22,0.12,23950.0,24100.0,22400.0,22500.0,3657.0,1680000.0,235342219409.0,45202428175.0,190139791234.0,15691387966.0,-990475612.0,320313912.0,6661182397.0,0.1684623244409678,0.0381326085714285,22.63568943261905,0.23773260652932227,-0.06312224349727101,0.02041335748590591,0.1361055881959403,-83.44308448150088
전방,2024-03-25,0.12,22500.0,22650.0,21750.0,22450.0,3899.0,1680000.0,235342219409.0,45202428175.0,190139791234.0,15691387966.0,-990475612.0,320313912.0,6661182397.0,0.1684623244409678,0.0381326085714285,22.63568943261905,0.23773260652932227,-0.06312224349727101,0.02041335748590591,0.1361055881959403,-83.44308448150088
전방,2024-03-26,0.12,22500.0,22850.0,21850.0,21850.0,1341.0,1680000.0,235342219409.0,45202428175.0,190139791234.0,15691387966.0,-990475612.0,320313912.0,6661182397.0,0.1684623244409678,0.0381326085714285,22.63568943261905,0.23773260652932227,-0.06312224349727101,0.02041335748590591,0.1361055881959403,-83.44308448150088
전방,2024-03-27,0.12,22850.0,22850.0,22050.0,22650.0,248.0,1680000.0,235342219409.0,45202428175.0,190139791234.0,15691387966.0,-990475612.0,320313912.0,6661182397.0,0.1684623244409678,0.0381326085714285,22.63568943261905,0.23773260652932227,-0.06312224349727101,0.02041335748590591,0.1361055881959403,-83.44308448150088
전방,2024-03-28,0.12,22450.0,22600.0,21550.0,22100.0,512.0,1680000.0,235342219409.0,45202428175.0,190139791234.0,15691387966.0,-990475612.0,320313912.0,6661182397.0,0.1684623244409678,0.0381326085714285,22.63568943261905,0.23773260652932227,-0.06312224349727101,0.02041335748590591,0.1361055881959403,-83.44308448150088
전방,2024-03-29,0.12,22100.0,22100.0,21650.0,21650.0,1185.0,1680000.0,235342219409.0,45202428175.0,190139791234.0,15691387966.0,-990475612.0,320313912.0,6661182397.0,0.1684623244409678,0.0381326085714285,22.63568943261905,0.23773260652932227,-0.06312224349727101,0.02041335748590591,0.1361055881959403,-83.44308448150088
