종목명,날짜,PBR,시가,고가,저가,종가,거래량,상장주식수,자산 총액,부채 총액,자본 총액,매출액,영업이익,순이익,현금 흐름,ROE,EPS,BPS,부채비율,영업이익률,순이익률,ROA,매출액 증가율
태광산업,2023-04-03,0.13,718000.0,723000.0,718000.0,723000.0,661.0,1113400.0,4913935255170.0,714920733727.0,4199014521443.0,587530312468.0,-26450869742.0,7511941930.0,86100012549.0,0.1788977364007425,1.3493698455182324,754.2688200903539,0.17025917154516437,-0.04502043414728607,0.012785624453051756,0.1528701852979566,-0.1074156531127494
태광산업,2023-04-04,0.13,722000.0,736000.0,717000.0,734000.0,1108.0,1113400.0,4913935255170.0,714920733727.0,4199014521443.0,587530312468.0,-26450869742.0,7511941930.0,86100012549.0,0.1788977364007425,1.3493698455182324,754.2688200903539,0.17025917154516437,-0.04502043414728607,0.012785624453051756,0.1528701852979566,-0.1074156531127494
태광산업,2023-04-05,0.13,736000.0,738000.0,728000.0,730000.0,851.0,1113400.0,4913935255170.0,714920733727.0,4199014521443.0,587530312468.0,-26450869742.0,7511941930.0,86100012549.0,0.1788977364007425,1.3493698455182324,754.2688200903539,0.17025917154516437,-0.04502043414728607,0.012785624453051756,0.1528701852979566,-0.1074156531127494
태광산업,2023-04-06,0.13,726000.0,726000.0,717000.0,720000.0,757.0,1113400.0,4913935255170.0,714920733727.0,4199014521443.0,587530312468.0,-26450869742.0,7511941930.0,86100012549.0,0.1788977364007425,1.3493698455182324,754.2688200903539,0.17025917154516437,-0.04502043414728607,0.012785624453051756,0.1528701852979566,-0.1074156531127494
태광산업,2023-04-07,0.13,718000.0,722000.0,710000.0,720000.0,901.0,1113400.0,4913935255170.0,714920733727.0,4199014521443.0,587530312468.0,-26450869742.0,7511941930.0,86100012549.0,0.1788977364007425,1.3493698455182324,754.2688200903539,0.17025917154516437,-0.04502043414728607,0.012785624453051756,0.1528701852979566,-0.1074156531127494
태광산업,2023-04-10,0.13,715000.0,717000.0,711000.0,712000.0,719.0,1113400.0,4913935255170.0,714920733727.0,4199014521443.0,587530312468.0,-26450869742.0,7511941930.0,86100012549.0,0.1788977364007425,1.3493698455182324,754.2688200903539,0.17025917154516437,-0.04502043414728607,0.012785624453051756,0.1528701852979566,-0.1074156531127494
태광산업,2023-04-11,0.13,708000.0,718000.0,708000.0,718000.0,477.0,1113400.0,4913935255170.0,714920733727.0,4199014521443.0,587530312468.0,-26450869742.0,7511941930.0,86100012549.0,0.1788977364007425,1.3493698455182324,754.2688200903539,0.17025917154516437,-0.04502043414728607,0.012785624453051756,0.1528701852979566,-0.1074156531127494
태광산업,2023-04-12,0.13,718000.0,721000.0,714000.0,715000.0,676.0,1113400.0,4913935255170.0,714920733727.0,4199014521443.0,587530312468.0,-26450869742.0,7511941930.0,86100012549.0,0.1788977364007425,1.3493698455182324,754.2688200903539,0.17025917154516437,-0.04502043414728607,0.012785624453051756,0.1528701852979566,-0.1074156531127494
태광산업,2023-04-13,0.13,714000.0,730000.0,712000.0,720000.0,686.0,1113400.0,4913935255170.0,714920733727.0,4199014521443.0,587530312468.0,-26450869742.0,7511941930.0,86100012549.0,0.1788977364007425,1.3493698455182324,754.2688200903539,0.17025917154516437,-0.04502043414728607,0.012785624453051756,0.1528701852979566,-0.1074156531127494
태광산업,2023-04-14,0.13,725000.0,733000.0,721000.0,723000.0,589.0,1113400.0,4913935255170.0,714920733727.0,4199014521443.0,587530312468.0,-26450869742.0,7511941930.0,86100012549.0,0.1788977364007425,1.3493698455182324,754.2688200903539,0.17025917154516437,-0.04502043414728607,0.012785624453051756,0.1528701852979566,-0.1074156531127494
태광산업,2023-04-17,0.13,725000.0,728000.0,717000.0,721000.0,554.0,1113400.0,4913935255170.0,714920733727.0,4199014521443.0,587530312468.0,-26450869742.0,7511941930.0,86100012549.0,0.1788977364007425,1.3493698455182324,754.2688200903539,0.17025917154516437,-0.04502043414728607,0.012785624453051756,0.1528701852979566,-0.1074156531127494
태광산업,2023-04-18,0.13,722000.0,724000.0,717000.0,717000.0,716.0,1113400.0,4913935255170.0,714920733727.0,4199014521443.0,587530312468.0,-26450869742.0,7511941930.0,86100012549.0,0.1788977364007425,1.3493698455182324,754.2688200903539,0.17025917154516437,-0.04502043414728607,0.012785624453051756,0.1528701852979566,-0.1074156531127494
태광산업,2023-04-19,0.13,717000.0,727000.0,717000.0,727000.0,761.0,1113400.0,4913935255170.0,714920733727.0,4199014521443.0,587530312468.0,-26450869742.0,7511941930.0,86100012549.0,0.1788977364007425,1.3493698455182324,754.2688200903539,0.17025917154516437,-0.04502043414728607,0.012785624453051756,0.1528701852979566,-0.1074156531127494
태광산업,2023-04-20,0.13,725000.0,727000.0,718000.0,721000.0,521.0,1113400.0,4913935255170.0,714920733727.0,4199014521443.0,587530312468.0,-26450869742.0,7511941930.0,86100012549.0,0.1788977364007425,1.3493698455182324,754.2688200903539,0.17025917154516437,-0.04502043414728607,0.012785624453051756,0.1528701852979566,-0.1074156531127494
태광산업,2023-04-21,0.13,721000.0,725000.0,717000.0,717000.0,545.0,1113400.0,4913935255170.0,714920733727.0,4199014521443.0,587530312468.0,-26450869742.0,7511941930.0,86100012549.0,0.1788977364007425,1.3493698455182324,754.2688200903539,0.17025917154516437,-0.04502043414728607,0.012785624453051756,0.1528701852979566,-0.1074156531127494
태광산업,2023-04-24,0.13,717000.0,718000.0,707000.0,711000.0,933.0,1113400.0,4913935255170.0,714920733727.0,4199014521443.0,587530312468.0,-26450869742.0,7511941930.0,86100012549.0,0.1788977364007425,1.3493698455182324,754.2688200903539,0.17025917154516437,-0.04502043414728607,0.012785624453051756,0.1528701852979566,-0.1074156531127494
태광산업,2023-04-25,0.13,709000.0,713000.0,702000.0,704000.0,726.0,1113400.0,4913935255170.0,714920733727.0,4199014521443.0,587530312468.0,-26450869742.0,7511941930.0,86100012549.0,0.1788977364007425,1.3493698455182324,754.2688200903539,0.17025917154516437,-0.04502043414728607,0.012785624453051756,0.1528701852979566,-0.1074156531127494
태광산업,2023-04-26,0.13,702000.0,706000.0,697000.0,703000.0,1052.0,1113400.0,4913935255170.0,714920733727.0,4199014521443.0,587530312468.0,-26450869742.0,7511941930.0,86100012549.0,0.1788977364007425,1.3493698455182324,754.2688200903539,0.17025917154516437,-0.04502043414728607,0.012785624453051756,0.1528701852979566,-0.1074156531127494
태광산업,2023-04-27,0.13,705000.0,705000.0,695000.0,697000.0,529.0,1113400.0,4913935255170.0,714920733727.0,4199014521443.0,587530312468.0,-26450869742.0,7511941930.0,86100012549.0,0.1788977364007425,1.3493698455182324,754.2688200903539,0.17025917154516437,-0.04502043414728607,0.012785624453051756,0.1528701852979566,-0.1074156531127494
태광산업,2023-04-28,0.13,697000.0,702000.0,694000.0,698000.0,686.0,1113400.0,4913935255170.0,714920733727.0,4199014521443.0,587530312468.0,-26450869742.0,7511941930.0,86100012549.0,0.1788977364007425,1.3493698455182324,754.2688200903539,0.17025917154516437,-0.04502043414728607,0.012785624453051756,0.1528701852979566,-0.1074156531127494
태광산업,2023-05-02,0.13,695000.0,701000.0,694000.0,700000.0,982.0,1113400.0,4913935255170.0,714920733727.0,4199014521443.0,587530312468.0,-26450869742.0,7511941930.0,86100012549.0,0.1788977364007425,1.3493698455182324,754.2688200903539,0.17025917154516437,-0.04502043414728607,0.012785624453051756,0.1528701852979566,-0.1074156531127494
태광산업,2023-05-03,0.13,699000.0,700000.0,695000.0,697000.0,508.0,1113400.0,4913935255170.0,714920733727.0,4199014521443.0,587530312468.0,-26450869742.0,7511941930.0,86100012549.0,0.1788977364007425,1.3493698455182324,754.2688200903539,0.17025917154516437,-0.04502043414728607,0.012785624453051756,0.1528701852979566,-0.1074156531127494
태광산업,2023-05-04,0.13,695000.0,700000.0,693000.0,697000.0,869.0,1113400.0,4913935255170.0,714920733727.0,4199014521443.0,587530312468.0,-26450869742.0,7511941930.0,86100012549.0,0.1788977364007425,1.3493698455182324,754.2688200903539,0.17025917154516437,-0.04502043414728607,0.012785624453051756,0.1528701852979566,-0.1074156531127494
태광산업,2023-05-08,0.13,695000.0,703000.0,694000.0,700000.0,785.0,1113400.0,4913935255170.0,714920733727.0,4199014521443.0,587530312468.0,-26450869742.0,7511941930.0,86100012549.0,0.1788977364007425,1.3493698455182324,754.2688200903539,0.17025917154516437,-0.04502043414728607,0.012785624453051756,0.1528701852979566,-0.1074156531127494
태광산업,2023-05-09,0.13,698000.0,718000.0,696000.0,703000.0,950.0,1113400.0,4913935255170.0,714920733727.0,4199014521443.0,587530312468.0,-26450869742.0,7511941930.0,86100012549.0,0.1788977364007425,1.3493698455182324,754.2688200903539,0.17025917154516437,-0.04502043414728607,0.012785624453051756,0.1528701852979566,-0.1074156531127494
태광산업,2023-05-10,0.13,703000.0,703000.0,694000.0,698000.0,1087.0,1113400.0,4913935255170.0,714920733727.0,4199014521443.0,587530312468.0,-26450869742.0,7511941930.0,86100012549.0,0.1788977364007425,1.3493698455182324,754.2688200903539,0.17025917154516437,-0.04502043414728607,0.012785624453051756,0.1528701852979566,-0.1074156531127494
태광산업,2023-05-11,0.13,698000.0,701000.0,693000.0,695000.0,708.0,1113400.0,4913935255170.0,714920733727.0,4199014521443.0,587530312468.0,-26450869742.0,7511941930.0,86100012549.0,0.1788977364007425,1.3493698455182324,754.2688200903539,0.17025917154516437,-0.04502043414728607,0.012785624453051756,0.1528701852979566,-0.1074156531127494
태광산업,2023-05-12,0.13,695000.0,697000.0,690000.0,692000.0,712.0,1113400.0,4913935255170.0,714920733727.0,4199014521443.0,587530312468.0,-26450869742.0,7511941930.0,86100012549.0,0.1788977364007425,1.3493698455182324,754.2688200903539,0.17025917154516437,-0.04502043414728607,0.012785624453051756,0.1528701852979566,-0.1074156531127494
태광산업,2023-05-15,0.13,690000.0,693000.0,684000.0,687000.0,834.0,1113400.0,4913935255170.0,714920733727.0,4199014521443.0,587530312468.0,-26450869742.0,7511941930.0,86100012549.0,0.1788977364007425,1.3493698455182324,754.2688200903539,0.17025917154516437,-0.04502043414728607,0.012785624453051756,0.1528701852979566,-0.1074156531127494
태광산업,2023-05-16,0.13,685000.0,685000.0,674000.0,675000.0,1274.0,1113400.0,4913935255170.0,714920733727.0,4199014521443.0,587530312468.0,-26450869742.0,7511941930.0,86100012549.0,0.1788977364007425,1.3493698455182324,754.2688200903539,0.17025917154516437,-0.04502043414728607,0.012785624453051756,0.1528701852979566,-0.1074156531127494
태광산업,2023-05-17,0.13,677000.0,677000.0,670000.0,670000.0,1062.0,1113400.0,4913935255170.0,714920733727.0,4199014521443.0,587530312468.0,-26450869742.0,7511941930.0,86100012549.0,0.1788977364007425,1.3493698455182324,754.2688200903539,0.17025917154516437,-0.04502043414728607,0.012785624453051756,0.1528701852979566,-0.1074156531127494
태광산업,2023-05-18,0.13,670000.0,673000.0,669000.0,672000.0,556.0,1113400.0,4913935255170.0,714920733727.0,4199014521443.0,587530312468.0,-26450869742.0,7511941930.0,86100012549.0,0.1788977364007425,1.3493698455182324,754.2688200903539,0.17025917154516437,-0.04502043414728607,0.012785624453051756,0.1528701852979566,-0.1074156531127494
태광산업,2023-05-19,0.13,672000.0,677000.0,671000.0,673000.0,494.0,1113400.0,4913935255170.0,714920733727.0,4199014521443.0,587530312468.0,-26450869742.0,7511941930.0,86100012549.0,0.1788977364007425,1.3493698455182324,754.2688200903539,0.17025917154516437,-0.04502043414728607,0.012785624453051756,0.1528701852979566,-0.1074156531127494
태광산업,2023-05-22,0.13,673000.0,678000.0,672000.0,674000.0,836.0,1113400.0,4913935255170.0,714920733727.0,4199014521443.0,587530312468.0,-26450869742.0,7511941930.0,86100012549.0,0.1788977364007425,1.3493698455182324,754.2688200903539,0.17025917154516437,-0.04502043414728607,0.012785624453051756,0.1528701852979566,-0.1074156531127494
태광산업,2023-05-23,0.13,676000.0,676000.0,671000.0,675000.0,793.0,1113400.0,4913935255170.0,714920733727.0,4199014521443.0,587530312468.0,-26450869742.0,7511941930.0,86100012549.0,0.1788977364007425,1.3493698455182324,754.2688200903539,0.17025917154516437,-0.04502043414728607,0.012785624453051756,0.1528701852979566,-0.1074156531127494
태광산업,2023-05-24,0.13,672000.0,672000.0,665000.0,671000.0,1781.0,1113400.0,4913935255170.0,714920733727.0,4199014521443.0,587530312468.0,-26450869742.0,7511941930.0,86100012549.0,0.1788977364007425,1.3493698455182324,754.2688200903539,0.17025917154516437,-0.04502043414728607,0.012785624453051756,0.1528701852979566,-0.1074156531127494
태광산업,2023-05-25,0.13,667000.0,667000.0,662000.0,666000.0,1019.0,1113400.0,4913935255170.0,714920733727.0,4199014521443.0,587530312468.0,-26450869742.0,7511941930.0,86100012549.0,0.1788977364007425,1.3493698455182324,754.2688200903539,0.17025917154516437,-0.04502043414728607,0.012785624453051756,0.1528701852979566,-0.1074156531127494
태광산업,2023-05-26,0.13,666000.0,666000.0,657000.0,658000.0,1559.0,1113400.0,4913935255170.0,714920733727.0,4199014521443.0,587530312468.0,-26450869742.0,7511941930.0,86100012549.0,0.1788977364007425,1.3493698455182324,754.2688200903539,0.17025917154516437,-0.04502043414728607,0.012785624453051756,0.1528701852979566,-0.1074156531127494
태광산업,2023-05-30,0.13,664000.0,664000.0,655000.0,658000.0,686.0,1113400.0,4913935255170.0,714920733727.0,4199014521443.0,587530312468.0,-26450869742.0,7511941930.0,86100012549.0,0.1788977364007425,1.3493698455182324,754.2688200903539,0.17025917154516437,-0.04502043414728607,0.012785624453051756,0.1528701852979566,-0.1074156531127494
태광산업,2023-05-31,0.13,655000.0,658000.0,651000.0,651000.0,1837.0,1113400.0,4913935255170.0,714920733727.0,4199014521443.0,587530312468.0,-26450869742.0,7511941930.0,86100012549.0,0.1788977364007425,1.3493698455182324,754.2688200903539,0.17025917154516437,-0.04502043414728607,0.012785624453051756,0.1528701852979566,-0.1074156531127494
태광산업,2023-06-01,0.13,650000.0,652000.0,648000.0,648000.0,848.0,1113400.0,4913935255170.0,714920733727.0,4199014521443.0,587530312468.0,-26450869742.0,7511941930.0,86100012549.0,0.1788977364007425,1.3493698455182324,754.2688200903539,0.17025917154516437,-0.04502043414728607,0.012785624453051756,0.1528701852979566,-0.1074156531127494
태광산업,2023-06-02,0.13,648000.0,654000.0,645000.0,650000.0,812.0,1113400.0,4913935255170.0,714920733727.0,4199014521443.0,587530312468.0,-26450869742.0,7511941930.0,86100012549.0,0.1788977364007425,1.3493698455182324,754.2688200903539,0.17025917154516437,-0.04502043414728607,0.012785624453051756,0.1528701852979566,-0.1074156531127494
태광산업,2023-06-05,0.13,652000.0,665000.0,652000.0,662000.0,674.0,1113400.0,4913935255170.0,714920733727.0,4199014521443.0,587530312468.0,-26450869742.0,7511941930.0,86100012549.0,0.1788977364007425,1.3493698455182324,754.2688200903539,0.17025917154516437,-0.04502043414728607,0.012785624453051756,0.1528701852979566,-0.1074156531127494
태광산업,2023-06-07,0.13,661000.0,670000.0,661000.0,663000.0,544.0,1113400.0,4913935255170.0,714920733727.0,4199014521443.0,587530312468.0,-26450869742.0,7511941930.0,86100012549.0,0.1788977364007425,1.3493698455182324,754.2688200903539,0.17025917154516437,-0.04502043414728607,0.012785624453051756,0.1528701852979566,-0.1074156531127494
태광산업,2023-06-08,0.13,668000.0,669000.0,660000.0,661000.0,575.0,1113400.0,4913935255170.0,714920733727.0,4199014521443.0,587530312468.0,-26450869742.0,7511941930.0,86100012549.0,0.1788977364007425,1.3493698455182324,754.2688200903539,0.17025917154516437,-0.04502043414728607,0.012785624453051756,0.1528701852979566,-0.1074156531127494
태광산업,2023-06-09,0.13,664000.0,664000.0,657000.0,661000.0,381.0,1113400.0,4913935255170.0,714920733727.0,4199014521443.0,587530312468.0,-26450869742.0,7511941930.0,86100012549.0,0.1788977364007425,1.3493698455182324,754.2688200903539,0.17025917154516437,-0.04502043414728607,0.012785624453051756,0.1528701852979566,-0.1074156531127494
태광산업,2023-06-12,0.13,661000.0,662000.0,650000.0,660000.0,914.0,1113400.0,4913935255170.0,714920733727.0,4199014521443.0,587530312468.0,-26450869742.0,7511941930.0,86100012549.0,0.1788977364007425,1.3493698455182324,754.2688200903539,0.17025917154516437,-0.04502043414728607,0.012785624453051756,0.1528701852979566,-0.1074156531127494
태광산업,2023-06-13,0.13,660000.0,661000.0,654000.0,655000.0,399.0,1113400.0,4913935255170.0,714920733727.0,4199014521443.0,587530312468.0,-26450869742.0,7511941930.0,86100012549.0,0.1788977364007425,1.3493698455182324,754.2688200903539,0.17025917154516437,-0.04502043414728607,0.012785624453051756,0.1528701852979566,-0.1074156531127494
태광산업,2023-06-14,0.13,656000.0,656000.0,651000.0,656000.0,540.0,1113400.0,4913935255170.0,714920733727.0,4199014521443.0,587530312468.0,-26450869742.0,7511941930.0,86100012549.0,0.1788977364007425,1.3493698455182324,754.2688200903539,0.17025917154516437,-0.04502043414728607,0.012785624453051756,0.1528701852979566,-0.1074156531127494
태광산업,2023-06-15,0.13,652000.0,655000.0,648000.0,652000.0,849.0,1113400.0,4913935255170.0,714920733727.0,4199014521443.0,587530312468.0,-26450869742.0,7511941930.0,86100012549.0,0.1788977364007425,1.3493698455182324,754.2688200903539,0.17025917154516437,-0.04502043414728607,0.012785624453051756,0.1528701852979566,-0.1074156531127494
태광산업,2023-06-16,0.13,653000.0,653000.0,649000.0,650000.0,814.0,1113400.0,4913935255170.0,714920733727.0,4199014521443.0,587530312468.0,-26450869742.0,7511941930.0,86100012549.0,0.1788977364007425,1.3493698455182324,754.2688200903539,0.17025917154516437,-0.04502043414728607,0.012785624453051756,0.1528701852979566,-0.1074156531127494
태광산업,2023-06-19,0.13,650000.0,654000.0,637000.0,642000.0,1595.0,1113400.0,4913935255170.0,714920733727.0,4199014521443.0,587530312468.0,-26450869742.0,7511941930.0,86100012549.0,0.1788977364007425,1.3493698455182324,754.2688200903539,0.17025917154516437,-0.04502043414728607,0.012785624453051756,0.1528701852979566,-0.1074156531127494
태광산업,2023-06-20,0.13,639000.0,644000.0,635000.0,635000.0,1118.0,1113400.0,4913935255170.0,714920733727.0,4199014521443.0,587530312468.0,-26450869742.0,7511941930.0,86100012549.0,0.1788977364007425,1.3493698455182324,754.2688200903539,0.17025917154516437,-0.04502043414728607,0.012785624453051756,0.1528701852979566,-0.1074156531127494
태광산업,2023-06-21,0.13,632000.0,632000.0,620000.0,627000.0,1733.0,1113400.0,4913935255170.0,714920733727.0,4199014521443.0,587530312468.0,-26450869742.0,7511941930.0,86100012549.0,0.1788977364007425,1.3493698455182324,754.2688200903539,0.17025917154516437,-0.04502043414728607,0.012785624453051756,0.1528701852979566,-0.1074156531127494
태광산업,2023-06-22,0.13,628000.0,642000.0,620000.0,631000.0,1252.0,1113400.0,4913935255170.0,714920733727.0,4199014521443.0,587530312468.0,-26450869742.0,7511941930.0,86100012549.0,0.1788977364007425,1.3493698455182324,754.2688200903539,0.17025917154516437,-0.04502043414728607,0.012785624453051756,0.1528701852979566,-0.1074156531127494
태광산업,2023-06-23,0.13,632000.0,635000.0,623000.0,623000.0,1043.0,1113400.0,4913935255170.0,714920733727.0,4199014521443.0,587530312468.0,-26450869742.0,7511941930.0,86100012549.0,0.1788977364007425,1.3493698455182324,754.2688200903539,0.17025917154516437,-0.04502043414728607,0.012785624453051756,0.1528701852979566,-0.1074156531127494
태광산업,2023-06-26,0.13,623000.0,637000.0,615000.0,628000.0,980.0,1113400.0,4913935255170.0,714920733727.0,4199014521443.0,587530312468.0,-26450869742.0,7511941930.0,86100012549.0,0.1788977364007425,1.3493698455182324,754.2688200903539,0.17025917154516437,-0.04502043414728607,0.012785624453051756,0.1528701852979566,-0.1074156531127494
태광산업,2023-06-27,0.13,626000.0,644000.0,623000.0,640000.0,714.0,1113400.0,4913935255170.0,714920733727.0,4199014521443.0,587530312468.0,-26450869742.0,7511941930.0,86100012549.0,0.1788977364007425,1.3493698455182324,754.2688200903539,0.17025917154516437,-0.04502043414728607,0.012785624453051756,0.1528701852979566,-0.1074156531127494
태광산업,2023-06-28,0.13,638000.0,664000.0,638000.0,659000.0,1470.0,1113400.0,4913935255170.0,714920733727.0,4199014521443.0,587530312468.0,-26450869742.0,7511941930.0,86100012549.0,0.1788977364007425,1.3493698455182324,754.2688200903539,0.17025917154516437,-0.04502043414728607,0.012785624453051756,0.1528701852979566,-0.1074156531127494
태광산업,2023-06-29,0.13,657000.0,679000.0,639000.0,640000.0,1148.0,1113400.0,4913935255170.0,714920733727.0,4199014521443.0,587530312468.0,-26450869742.0,7511941930.0,86100012549.0,0.1788977364007425,1.3493698455182324,754.2688200903539,0.17025917154516437,-0.04502043414728607,0.012785624453051756,0.1528701852979566,-0.1074156531127494
태광산업,2023-06-30,0.13,641000.0,643000.0,628000.0,633000.0,725.0,1113400.0,4913935255170.0,714920733727.0,4199014521443.0,587530312468.0,-26450869742.0,7511941930.0,86100012549.0,0.1788977364007425,1.3493698455182324,754.2688200903539,0.17025917154516437,-0.04502043414728607,0.012785624453051756,0.1528701852979566,-0.1074156531127494
태광산업,2023-07-03,0.13,633000.0,639000.0,631000.0,637000.0,549.0,1113400.0,4917624029361.0,745651919372.0,4171972109989.0,590100191447.0,-31293787083.0,4447651136.0,96554012803.0,0.1066078827648664,0.7989314057840848,749.4111927409735,0.17872888401786705,-0.05303131152400356,0.007537111833659635,0.0904430901883715,0.4374036410487279
태광산업,2023-07-04,0.13,632000.0,636000.0,627000.0,627000.0,693.0,1113400.0,4917624029361.0,745651919372.0,4171972109989.0,590100191447.0,-31293787083.0,4447651136.0,96554012803.0,0.1066078827648664,0.7989314057840848,749.4111927409735,0.17872888401786705,-0.05303131152400356,0.007537111833659635,0.0904430901883715,0.4374036410487279
태광산업,2023-07-05,0.13,627000.0,629000.0,622000.0,623000.0,958.0,1113400.0,4917624029361.0,745651919372.0,4171972109989.0,590100191447.0,-31293787083.0,4447651136.0,96554012803.0,0.1066078827648664,0.7989314057840848,749.4111927409735,0.17872888401786705,-0.05303131152400356,0.007537111833659635,0.0904430901883715,0.4374036410487279
태광산업,2023-07-06,0.13,622000.0,622000.0,605000.0,614000.0,2579.0,1113400.0,4917624029361.0,745651919372.0,4171972109989.0,590100191447.0,-31293787083.0,4447651136.0,96554012803.0,0.1066078827648664,0.7989314057840848,749.4111927409735,0.17872888401786705,-0.05303131152400356,0.007537111833659635,0.0904430901883715,0.4374036410487279
태광산업,2023-07-07,0.13,608000.0,608000.0,598000.0,605000.0,1260.0,1113400.0,4917624029361.0,745651919372.0,4171972109989.0,590100191447.0,-31293787083.0,4447651136.0,96554012803.0,0.1066078827648664,0.7989314057840848,749.4111927409735,0.17872888401786705,-0.05303131152400356,0.007537111833659635,0.0904430901883715,0.4374036410487279
태광산업,2023-07-10,0.13,603000.0,606000.0,600000.0,601000.0,633.0,1113400.0,4917624029361.0,745651919372.0,4171972109989.0,590100191447.0,-31293787083.0,4447651136.0,96554012803.0,0.1066078827648664,0.7989314057840848,749.4111927409735,0.17872888401786705,-0.05303131152400356,0.007537111833659635,0.0904430901883715,0.4374036410487279
태광산업,2023-07-11,0.13,599000.0,603000.0,592000.0,598000.0,763.0,1113400.0,4917624029361.0,745651919372.0,4171972109989.0,590100191447.0,-31293787083.0,4447651136.0,96554012803.0,0.1066078827648664,0.7989314057840848,749.4111927409735,0.17872888401786705,-0.05303131152400356,0.007537111833659635,0.0904430901883715,0.4374036410487279
태광산업,2023-07-12,0.13,600000.0,602000.0,597000.0,601000.0,580.0,1113400.0,4917624029361.0,745651919372.0,4171972109989.0,590100191447.0,-31293787083.0,4447651136.0,96554012803.0,0.1066078827648664,0.7989314057840848,749.4111927409735,0.17872888401786705,-0.05303131152400356,0.007537111833659635,0.0904430901883715,0.4374036410487279
태광산업,2023-07-13,0.13,601000.0,606000.0,600000.0,602000.0,563.0,1113400.0,4917624029361.0,745651919372.0,4171972109989.0,590100191447.0,-31293787083.0,4447651136.0,96554012803.0,0.1066078827648664,0.7989314057840848,749.4111927409735,0.17872888401786705,-0.05303131152400356,0.007537111833659635,0.0904430901883715,0.4374036410487279
태광산업,2023-07-14,0.13,602000.0,624000.0,602000.0,624000.0,1390.0,1113400.0,4917624029361.0,745651919372.0,4171972109989.0,590100191447.0,-31293787083.0,4447651136.0,96554012803.0,0.1066078827648664,0.7989314057840848,749.4111927409735,0.17872888401786705,-0.05303131152400356,0.007537111833659635,0.0904430901883715,0.4374036410487279
태광산업,2023-07-17,0.13,623000.0,629000.0,613000.0,617000.0,806.0,1113400.0,4917624029361.0,745651919372.0,4171972109989.0,590100191447.0,-31293787083.0,4447651136.0,96554012803.0,0.1066078827648664,0.7989314057840848,749.4111927409735,0.17872888401786705,-0.05303131152400356,0.007537111833659635,0.0904430901883715,0.4374036410487279
태광산업,2023-07-18,0.13,614000.0,626000.0,607000.0,614000.0,846.0,1113400.0,4917624029361.0,745651919372.0,4171972109989.0,590100191447.0,-31293787083.0,4447651136.0,96554012803.0,0.1066078827648664,0.7989314057840848,749.4111927409735,0.17872888401786705,-0.05303131152400356,0.007537111833659635,0.0904430901883715,0.4374036410487279
태광산업,2023-07-19,0.13,615000.0,615000.0,607000.0,610000.0,471.0,1113400.0,4917624029361.0,745651919372.0,4171972109989.0,590100191447.0,-31293787083.0,4447651136.0,96554012803.0,0.1066078827648664,0.7989314057840848,749.4111927409735,0.17872888401786705,-0.05303131152400356,0.007537111833659635,0.0904430901883715,0.4374036410487279
태광산업,2023-07-20,0.13,610000.0,615000.0,603000.0,610000.0,585.0,1113400.0,4917624029361.0,745651919372.0,4171972109989.0,590100191447.0,-31293787083.0,4447651136.0,96554012803.0,0.1066078827648664,0.7989314057840848,749.4111927409735,0.17872888401786705,-0.05303131152400356,0.007537111833659635,0.0904430901883715,0.4374036410487279
태광산업,2023-07-21,0.13,613000.0,626000.0,605000.0,624000.0,1064.0,1113400.0,4917624029361.0,745651919372.0,4171972109989.0,590100191447.0,-31293787083.0,4447651136.0,96554012803.0,0.1066078827648664,0.7989314057840848,749.4111927409735,0.17872888401786705,-0.05303131152400356,0.007537111833659635,0.0904430901883715,0.4374036410487279
태광산업,2023-07-24,0.13,627000.0,628000.0,605000.0,610000.0,1504.0,1113400.0,4917624029361.0,745651919372.0,4171972109989.0,590100191447.0,-31293787083.0,4447651136.0,96554012803.0,0.1066078827648664,0.7989314057840848,749.4111927409735,0.17872888401786705,-0.05303131152400356,0.007537111833659635,0.0904430901883715,0.4374036410487279
태광산업,2023-07-25,0.13,610000.0,610000.0,596000.0,597000.0,1311.0,1113400.0,4917624029361.0,745651919372.0,4171972109989.0,590100191447.0,-31293787083.0,4447651136.0,96554012803.0,0.1066078827648664,0.7989314057840848,749.4111927409735,0.17872888401786705,-0.05303131152400356,0.007537111833659635,0.0904430901883715,0.4374036410487279
태광산업,2023-07-26,0.13,594000.0,598000.0,571000.0,577000.0,1581.0,1113400.0,4917624029361.0,745651919372.0,4171972109989.0,590100191447.0,-31293787083.0,4447651136.0,96554012803.0,0.1066078827648664,0.7989314057840848,749.4111927409735,0.17872888401786705,-0.05303131152400356,0.007537111833659635,0.0904430901883715,0.4374036410487279
태광산업,2023-07-27,0.13,580000.0,594000.0,580000.0,593000.0,1104.0,1113400.0,4917624029361.0,745651919372.0,4171972109989.0,590100191447.0,-31293787083.0,4447651136.0,96554012803.0,0.1066078827648664,0.7989314057840848,749.4111927409735,0.17872888401786705,-0.05303131152400356,0.007537111833659635,0.0904430901883715,0.4374036410487279
태광산업,2023-07-28,0.13,590000.0,593000.0,583000.0,590000.0,680.0,1113400.0,4917624029361.0,745651919372.0,4171972109989.0,590100191447.0,-31293787083.0,4447651136.0,96554012803.0,0.1066078827648664,0.7989314057840848,749.4111927409735,0.17872888401786705,-0.05303131152400356,0.007537111833659635,0.0904430901883715,0.4374036410487279
태광산업,2023-07-31,0.13,591000.0,601000.0,588000.0,597000.0,765.0,1113400.0,4917624029361.0,745651919372.0,4171972109989.0,590100191447.0,-31293787083.0,4447651136.0,96554012803.0,0.1066078827648664,0.7989314057840848,749.4111927409735,0.17872888401786705,-0.05303131152400356,0.007537111833659635,0.0904430901883715,0.4374036410487279
태광산업,2023-08-01,0.13,596000.0,612000.0,593000.0,612000.0,1151.0,1113400.0,4917624029361.0,745651919372.0,4171972109989.0,590100191447.0,-31293787083.0,4447651136.0,96554012803.0,0.1066078827648664,0.7989314057840848,749.4111927409735,0.17872888401786705,-0.05303131152400356,0.007537111833659635,0.0904430901883715,0.4374036410487279
태광산업,2023-08-02,0.13,604000.0,608000.0,597000.0,603000.0,741.0,1113400.0,4917624029361.0,745651919372.0,4171972109989.0,590100191447.0,-31293787083.0,4447651136.0,96554012803.0,0.1066078827648664,0.7989314057840848,749.4111927409735,0.17872888401786705,-0.05303131152400356,0.007537111833659635,0.0904430901883715,0.4374036410487279
태광산업,2023-08-03,0.13,598000.0,603000.0,594000.0,597000.0,435.0,1113400.0,4917624029361.0,745651919372.0,4171972109989.0,590100191447.0,-31293787083.0,4447651136.0,96554012803.0,0.1066078827648664,0.7989314057840848,749.4111927409735,0.17872888401786705,-0.05303131152400356,0.007537111833659635,0.0904430901883715,0.4374036410487279
태광산업,2023-08-04,0.13,597000.0,603000.0,595000.0,601000.0,567.0,1113400.0,4917624029361.0,745651919372.0,4171972109989.0,590100191447.0,-31293787083.0,4447651136.0,96554012803.0,0.1066078827648664,0.7989314057840848,749.4111927409735,0.17872888401786705,-0.05303131152400356,0.007537111833659635,0.0904430901883715,0.4374036410487279
태광산업,2023-08-07,0.13,597000.0,612000.0,597000.0,608000.0,728.0,1113400.0,4917624029361.0,745651919372.0,4171972109989.0,590100191447.0,-31293787083.0,4447651136.0,96554012803.0,0.1066078827648664,0.7989314057840848,749.4111927409735,0.17872888401786705,-0.05303131152400356,0.007537111833659635,0.0904430901883715,0.4374036410487279
태광산업,2023-08-08,0.13,608000.0,610000.0,600000.0,604000.0,553.0,1113400.0,4917624029361.0,745651919372.0,4171972109989.0,590100191447.0,-31293787083.0,4447651136.0,96554012803.0,0.1066078827648664,0.7989314057840848,749.4111927409735,0.17872888401786705,-0.05303131152400356,0.007537111833659635,0.0904430901883715,0.4374036410487279
태광산업,2023-08-09,0.13,598000.0,611000.0,598000.0,608000.0,356.0,1113400.0,4917624029361.0,745651919372.0,4171972109989.0,590100191447.0,-31293787083.0,4447651136.0,96554012803.0,0.1066078827648664,0.7989314057840848,749.4111927409735,0.17872888401786705,-0.05303131152400356,0.007537111833659635,0.0904430901883715,0.4374036410487279
태광산업,2023-08-10,0.13,608000.0,615000.0,604000.0,609000.0,481.0,1113400.0,4917624029361.0,745651919372.0,4171972109989.0,590100191447.0,-31293787083.0,4447651136.0,96554012803.0,0.1066078827648664,0.7989314057840848,749.4111927409735,0.17872888401786705,-0.05303131152400356,0.007537111833659635,0.0904430901883715,0.4374036410487279
태광산업,2023-08-11,0.13,606000.0,626000.0,604000.0,620000.0,1230.0,1113400.0,4917624029361.0,745651919372.0,4171972109989.0,590100191447.0,-31293787083.0,4447651136.0,96554012803.0,0.1066078827648664,0.7989314057840848,749.4111927409735,0.17872888401786705,-0.05303131152400356,0.007537111833659635,0.0904430901883715,0.4374036410487279
태광산업,2023-08-14,0.13,620000.0,620000.0,606000.0,615000.0,814.0,1113400.0,4917624029361.0,745651919372.0,4171972109989.0,590100191447.0,-31293787083.0,4447651136.0,96554012803.0,0.1066078827648664,0.7989314057840848,749.4111927409735,0.17872888401786705,-0.05303131152400356,0.007537111833659635,0.0904430901883715,0.4374036410487279
태광산업,2023-08-16,0.13,609000.0,614000.0,595000.0,599000.0,1042.0,1113400.0,4917624029361.0,745651919372.0,4171972109989.0,590100191447.0,-31293787083.0,4447651136.0,96554012803.0,0.1066078827648664,0.7989314057840848,749.4111927409735,0.17872888401786705,-0.05303131152400356,0.007537111833659635,0.0904430901883715,0.4374036410487279
태광산업,2023-08-17,0.13,589000.0,593000.0,582000.0,590000.0,992.0,1113400.0,4917624029361.0,745651919372.0,4171972109989.0,590100191447.0,-31293787083.0,4447651136.0,96554012803.0,0.1066078827648664,0.7989314057840848,749.4111927409735,0.17872888401786705,-0.05303131152400356,0.007537111833659635,0.0904430901883715,0.4374036410487279
태광산업,2023-08-18,0.13,586000.0,589000.0,581000.0,583000.0,430.0,1113400.0,4917624029361.0,745651919372.0,4171972109989.0,590100191447.0,-31293787083.0,4447651136.0,96554012803.0,0.1066078827648664,0.7989314057840848,749.4111927409735,0.17872888401786705,-0.05303131152400356,0.007537111833659635,0.0904430901883715,0.4374036410487279
태광산업,2023-08-21,0.13,585000.0,590000.0,584000.0,589000.0,384.0,1113400.0,4917624029361.0,745651919372.0,4171972109989.0,590100191447.0,-31293787083.0,4447651136.0,96554012803.0,0.1066078827648664,0.7989314057840848,749.4111927409735,0.17872888401786705,-0.05303131152400356,0.007537111833659635,0.0904430901883715,0.4374036410487279
태광산업,2023-08-22,0.13,589000.0,593000.0,580000.0,580000.0,638.0,1113400.0,4917624029361.0,745651919372.0,4171972109989.0,590100191447.0,-31293787083.0,4447651136.0,96554012803.0,0.1066078827648664,0.7989314057840848,749.4111927409735,0.17872888401786705,-0.05303131152400356,0.007537111833659635,0.0904430901883715,0.4374036410487279
태광산업,2023-08-23,0.13,579000.0,585000.0,578000.0,583000.0,466.0,1113400.0,4917624029361.0,745651919372.0,4171972109989.0,590100191447.0,-31293787083.0,4447651136.0,96554012803.0,0.1066078827648664,0.7989314057840848,749.4111927409735,0.17872888401786705,-0.05303131152400356,0.007537111833659635,0.0904430901883715,0.4374036410487279
태광산업,2023-08-24,0.13,581000.0,588000.0,581000.0,584000.0,615.0,1113400.0,4917624029361.0,745651919372.0,4171972109989.0,590100191447.0,-31293787083.0,4447651136.0,96554012803.0,0.1066078827648664,0.7989314057840848,749.4111927409735,0.17872888401786705,-0.05303131152400356,0.007537111833659635,0.0904430901883715,0.4374036410487279
태광산업,2023-08-25,0.13,584000.0,590000.0,580000.0,587000.0,558.0,1113400.0,4917624029361.0,745651919372.0,4171972109989.0,590100191447.0,-31293787083.0,4447651136.0,96554012803.0,0.1066078827648664,0.7989314057840848,749.4111927409735,0.17872888401786705,-0.05303131152400356,0.007537111833659635,0.0904430901883715,0.4374036410487279
태광산업,2023-08-28,0.13,592000.0,600000.0,587000.0,600000.0,465.0,1113400.0,4917624029361.0,745651919372.0,4171972109989.0,590100191447.0,-31293787083.0,4447651136.0,96554012803.0,0.1066078827648664,0.7989314057840848,749.4111927409735,0.17872888401786705,-0.05303131152400356,0.007537111833659635,0.0904430901883715,0.4374036410487279
태광산업,2023-08-29,0.13,601000.0,616000.0,598000.0,608000.0,1260.0,1113400.0,4917624029361.0,745651919372.0,4171972109989.0,590100191447.0,-31293787083.0,4447651136.0,96554012803.0,0.1066078827648664,0.7989314057840848,749.4111927409735,0.17872888401786705,-0.05303131152400356,0.007537111833659635,0.0904430901883715,0.4374036410487279
태광산업,2023-08-30,0.13,611000.0,612000.0,600000.0,601000.0,830.0,1113400.0,4917624029361.0,745651919372.0,4171972109989.0,590100191447.0,-31293787083.0,4447651136.0,96554012803.0,0.1066078827648664,0.7989314057840848,749.4111927409735,0.17872888401786705,-0.05303131152400356,0.007537111833659635,0.0904430901883715,0.4374036410487279
태광산업,2023-08-31,0.13,599000.0,607000.0,599000.0,606000.0,457.0,1113400.0,4917624029361.0,745651919372.0,4171972109989.0,590100191447.0,-31293787083.0,4447651136.0,96554012803.0,0.1066078827648664,0.7989314057840848,749.4111927409735,0.17872888401786705,-0.05303131152400356,0.007537111833659635,0.0904430901883715,0.4374036410487279
태광산업,2023-09-01,0.13,603000.0,609000.0,597000.0,600000.0,762.0,1113400.0,4917624029361.0,745651919372.0,4171972109989.0,590100191447.0,-31293787083.0,4447651136.0,96554012803.0,0.1066078827648664,0.7989314057840848,749.4111927409735,0.17872888401786705,-0.05303131152400356,0.007537111833659635,0.0904430901883715,0.4374036410487279
태광산업,2023-09-04,0.13,600000.0,606000.0,595000.0,604000.0,241.0,1113400.0,4917624029361.0,745651919372.0,4171972109989.0,590100191447.0,-31293787083.0,4447651136.0,96554012803.0,0.1066078827648664,0.7989314057840848,749.4111927409735,0.17872888401786705,-0.05303131152400356,0.007537111833659635,0.0904430901883715,0.4374036410487279
태광산업,2023-09-05,0.13,600000.0,606000.0,592000.0,595000.0,1036.0,1113400.0,4917624029361.0,745651919372.0,4171972109989.0,590100191447.0,-31293787083.0,4447651136.0,96554012803.0,0.1066078827648664,0.7989314057840848,749.4111927409735,0.17872888401786705,-0.05303131152400356,0.007537111833659635,0.0904430901883715,0.4374036410487279
태광산업,2023-09-06,0.13,592000.0,595000.0,582000.0,583000.0,1428.0,1113400.0,4917624029361.0,745651919372.0,4171972109989.0,590100191447.0,-31293787083.0,4447651136.0,96554012803.0,0.1066078827648664,0.7989314057840848,749.4111927409735,0.17872888401786705,-0.05303131152400356,0.007537111833659635,0.0904430901883715,0.4374036410487279
태광산업,2023-09-07,0.13,581000.0,585000.0,574000.0,578000.0,1354.0,1113400.0,4917624029361.0,745651919372.0,4171972109989.0,590100191447.0,-31293787083.0,4447651136.0,96554012803.0,0.1066078827648664,0.7989314057840848,749.4111927409735,0.17872888401786705,-0.05303131152400356,0.007537111833659635,0.0904430901883715,0.4374036410487279
태광산업,2023-09-08,0.13,575000.0,599000.0,575000.0,586000.0,747.0,1113400.0,4917624029361.0,745651919372.0,4171972109989.0,590100191447.0,-31293787083.0,4447651136.0,96554012803.0,0.1066078827648664,0.7989314057840848,749.4111927409735,0.17872888401786705,-0.05303131152400356,0.007537111833659635,0.0904430901883715,0.4374036410487279
태광산업,2023-09-11,0.13,585000.0,589000.0,581000.0,587000.0,395.0,1113400.0,4917624029361.0,745651919372.0,4171972109989.0,590100191447.0,-31293787083.0,4447651136.0,96554012803.0,0.1066078827648664,0.7989314057840848,749.4111927409735,0.17872888401786705,-0.05303131152400356,0.007537111833659635,0.0904430901883715,0.4374036410487279
태광산업,2023-09-12,0.13,590000.0,590000.0,578000.0,585000.0,591.0,1113400.0,4917624029361.0,745651919372.0,4171972109989.0,590100191447.0,-31293787083.0,4447651136.0,96554012803.0,0.1066078827648664,0.7989314057840848,749.4111927409735,0.17872888401786705,-0.05303131152400356,0.007537111833659635,0.0904430901883715,0.4374036410487279
태광산업,2023-09-13,0.13,589000.0,589000.0,582000.0,589000.0,460.0,1113400.0,4917624029361.0,745651919372.0,4171972109989.0,590100191447.0,-31293787083.0,4447651136.0,96554012803.0,0.1066078827648664,0.7989314057840848,749.4111927409735,0.17872888401786705,-0.05303131152400356,0.007537111833659635,0.0904430901883715,0.4374036410487279
태광산업,2023-09-14,0.13,590000.0,590000.0,584000.0,589000.0,520.0,1113400.0,4917624029361.0,745651919372.0,4171972109989.0,590100191447.0,-31293787083.0,4447651136.0,96554012803.0,0.1066078827648664,0.7989314057840848,749.4111927409735,0.17872888401786705,-0.05303131152400356,0.007537111833659635,0.0904430901883715,0.4374036410487279
태광산업,2023-09-15,0.13,589000.0,595000.0,587000.0,590000.0,839.0,1113400.0,4917624029361.0,745651919372.0,4171972109989.0,590100191447.0,-31293787083.0,4447651136.0,96554012803.0,0.1066078827648664,0.7989314057840848,749.4111927409735,0.17872888401786705,-0.05303131152400356,0.007537111833659635,0.0904430901883715,0.4374036410487279
태광산업,2023-09-18,0.13,587000.0,589000.0,582000.0,588000.0,382.0,1113400.0,4917624029361.0,745651919372.0,4171972109989.0,590100191447.0,-31293787083.0,4447651136.0,96554012803.0,0.1066078827648664,0.7989314057840848,749.4111927409735,0.17872888401786705,-0.05303131152400356,0.007537111833659635,0.0904430901883715,0.4374036410487279
태광산업,2023-09-19,0.13,585000.0,589000.0,585000.0,588000.0,234.0,1113400.0,4917624029361.0,745651919372.0,4171972109989.0,590100191447.0,-31293787083.0,4447651136.0,96554012803.0,0.1066078827648664,0.7989314057840848,749.4111927409735,0.17872888401786705,-0.05303131152400356,0.007537111833659635,0.0904430901883715,0.4374036410487279
태광산업,2023-09-20,0.13,588000.0,589000.0,580000.0,585000.0,779.0,1113400.0,4917624029361.0,745651919372.0,4171972109989.0,590100191447.0,-31293787083.0,4447651136.0,96554012803.0,0.1066078827648664,0.7989314057840848,749.4111927409735,0.17872888401786705,-0.05303131152400356,0.007537111833659635,0.0904430901883715,0.4374036410487279
태광산업,2023-09-21,0.13,585000.0,585000.0,575000.0,577000.0,892.0,1113400.0,4917624029361.0,745651919372.0,4171972109989.0,590100191447.0,-31293787083.0,4447651136.0,96554012803.0,0.1066078827648664,0.7989314057840848,749.4111927409735,0.17872888401786705,-0.05303131152400356,0.007537111833659635,0.0904430901883715,0.4374036410487279
태광산업,2023-09-22,0.13,575000.0,577000.0,571000.0,577000.0,543.0,1113400.0,4917624029361.0,745651919372.0,4171972109989.0,590100191447.0,-31293787083.0,4447651136.0,96554012803.0,0.1066078827648664,0.7989314057840848,749.4111927409735,0.17872888401786705,-0.05303131152400356,0.007537111833659635,0.0904430901883715,0.4374036410487279
태광산업,2023-09-25,0.13,572000.0,576000.0,568000.0,576000.0,809.0,1113400.0,4917624029361.0,745651919372.0,4171972109989.0,590100191447.0,-31293787083.0,4447651136.0,96554012803.0,0.1066078827648664,0.7989314057840848,749.4111927409735,0.17872888401786705,-0.05303131152400356,0.007537111833659635,0.0904430901883715,0.4374036410487279
태광산업,2023-09-26,0.13,571000.0,578000.0,569000.0,573000.0,745.0,1113400.0,4917624029361.0,745651919372.0,4171972109989.0,590100191447.0,-31293787083.0,4447651136.0,96554012803.0,0.1066078827648664,0.7989314057840848,749.4111927409735,0.17872888401786705,-0.05303131152400356,0.007537111833659635,0.0904430901883715,0.4374036410487279
태광산업,2023-09-27,0.13,571000.0,572000.0,567000.0,570000.0,640.0,1113400.0,4917624029361.0,745651919372.0,4171972109989.0,590100191447.0,-31293787083.0,4447651136.0,96554012803.0,0.1066078827648664,0.7989314057840848,749.4111927409735,0.17872888401786705,-0.05303131152400356,0.007537111833659635,0.0904430901883715,0.4374036410487279
태광산업,2023-10-04,0.13,569000.0,569000.0,559000.0,560000.0,845.0,1113400.0,4738292443387.0,708793032453.0,4029499410934.0,2265489918200.0,-99370075160.0,-14694447321.0,106938290041.0,-0.3646717823342221,-2.6395630179629963,723.8188271841207,0.17590101403903877,-0.043862510427304185,-0.0064862117473800905,-0.3101211564412473,283.9161469588297
태광산업,2023-10-05,0.13,561000.0,564000.0,556000.0,564000.0,735.0,1113400.0,4738292443387.0,708793032453.0,4029499410934.0,2265489918200.0,-99370075160.0,-14694447321.0,106938290041.0,-0.3646717823342221,-2.6395630179629963,723.8188271841207,0.17590101403903877,-0.043862510427304185,-0.0064862117473800905,-0.3101211564412473,283.9161469588297
태광산업,2023-10-06,0.13,559000.0,572000.0,559000.0,570000.0,691.0,1113400.0,4738292443387.0,708793032453.0,4029499410934.0,2265489918200.0,-99370075160.0,-14694447321.0,106938290041.0,-0.3646717823342221,-2.6395630179629963,723.8188271841207,0.17590101403903877,-0.043862510427304185,-0.0064862117473800905,-0.3101211564412473,283.9161469588297
태광산업,2023-10-10,0.13,569000.0,571000.0,564000.0,565000.0,1309.0,1113400.0,4738292443387.0,708793032453.0,4029499410934.0,2265489918200.0,-99370075160.0,-14694447321.0,106938290041.0,-0.3646717823342221,-2.6395630179629963,723.8188271841207,0.17590101403903877,-0.043862510427304185,-0.0064862117473800905,-0.3101211564412473,283.9161469588297
태광산업,2023-10-11,0.13,565000.0,581000.0,564000.0,581000.0,1693.0,1113400.0,4738292443387.0,708793032453.0,4029499410934.0,2265489918200.0,-99370075160.0,-14694447321.0,106938290041.0,-0.3646717823342221,-2.6395630179629963,723.8188271841207,0.17590101403903877,-0.043862510427304185,-0.0064862117473800905,-0.3101211564412473,283.9161469588297
태광산업,2023-10-12,0.13,581000.0,600000.0,579000.0,595000.0,1311.0,1113400.0,4738292443387.0,708793032453.0,4029499410934.0,2265489918200.0,-99370075160.0,-14694447321.0,106938290041.0,-0.3646717823342221,-2.6395630179629963,723.8188271841207,0.17590101403903877,-0.043862510427304185,-0.0064862117473800905,-0.3101211564412473,283.9161469588297
태광산업,2023-10-13,0.13,591000.0,595000.0,588000.0,593000.0,548.0,1113400.0,4738292443387.0,708793032453.0,4029499410934.0,2265489918200.0,-99370075160.0,-14694447321.0,106938290041.0,-0.3646717823342221,-2.6395630179629963,723.8188271841207,0.17590101403903877,-0.043862510427304185,-0.0064862117473800905,-0.3101211564412473,283.9161469588297
태광산업,2023-10-16,0.13,591000.0,602000.0,586000.0,593000.0,877.0,1113400.0,4738292443387.0,708793032453.0,4029499410934.0,2265489918200.0,-99370075160.0,-14694447321.0,106938290041.0,-0.3646717823342221,-2.6395630179629963,723.8188271841207,0.17590101403903877,-0.043862510427304185,-0.0064862117473800905,-0.3101211564412473,283.9161469588297
태광산업,2023-10-17,0.13,593000.0,599000.0,593000.0,596000.0,417.0,1113400.0,4738292443387.0,708793032453.0,4029499410934.0,2265489918200.0,-99370075160.0,-14694447321.0,106938290041.0,-0.3646717823342221,-2.6395630179629963,723.8188271841207,0.17590101403903877,-0.043862510427304185,-0.0064862117473800905,-0.3101211564412473,283.9161469588297
태광산업,2023-10-18,0.13,591000.0,604000.0,591000.0,596000.0,571.0,1113400.0,4738292443387.0,708793032453.0,4029499410934.0,2265489918200.0,-99370075160.0,-14694447321.0,106938290041.0,-0.3646717823342221,-2.6395630179629963,723.8188271841207,0.17590101403903877,-0.043862510427304185,-0.0064862117473800905,-0.3101211564412473,283.9161469588297
태광산업,2023-10-19,0.13,595000.0,595000.0,584000.0,588000.0,596.0,1113400.0,4738292443387.0,708793032453.0,4029499410934.0,2265489918200.0,-99370075160.0,-14694447321.0,106938290041.0,-0.3646717823342221,-2.6395630179629963,723.8188271841207,0.17590101403903877,-0.043862510427304185,-0.0064862117473800905,-0.3101211564412473,283.9161469588297
태광산업,2023-10-20,0.13,586000.0,587000.0,576000.0,587000.0,517.0,1113400.0,4738292443387.0,708793032453.0,4029499410934.0,2265489918200.0,-99370075160.0,-14694447321.0,106938290041.0,-0.3646717823342221,-2.6395630179629963,723.8188271841207,0.17590101403903877,-0.043862510427304185,-0.0064862117473800905,-0.3101211564412473,283.9161469588297
태광산업,2023-10-23,0.13,583000.0,590000.0,580000.0,590000.0,464.0,1113400.0,4738292443387.0,708793032453.0,4029499410934.0,2265489918200.0,-99370075160.0,-14694447321.0,106938290041.0,-0.3646717823342221,-2.6395630179629963,723.8188271841207,0.17590101403903877,-0.043862510427304185,-0.0064862117473800905,-0.3101211564412473,283.9161469588297
태광산업,2023-10-24,0.13,589000.0,593000.0,565000.0,580000.0,1967.0,1113400.0,4738292443387.0,708793032453.0,4029499410934.0,2265489918200.0,-99370075160.0,-14694447321.0,106938290041.0,-0.3646717823342221,-2.6395630179629963,723.8188271841207,0.17590101403903877,-0.043862510427304185,-0.0064862117473800905,-0.3101211564412473,283.9161469588297
태광산업,2023-10-25,0.13,577000.0,591000.0,575000.0,584000.0,654.0,1113400.0,4738292443387.0,708793032453.0,4029499410934.0,2265489918200.0,-99370075160.0,-14694447321.0,106938290041.0,-0.3646717823342221,-2.6395630179629963,723.8188271841207,0.17590101403903877,-0.043862510427304185,-0.0064862117473800905,-0.3101211564412473,283.9161469588297
태광산업,2023-10-26,0.13,581000.0,582000.0,567000.0,578000.0,974.0,1113400.0,4738292443387.0,708793032453.0,4029499410934.0,2265489918200.0,-99370075160.0,-14694447321.0,106938290041.0,-0.3646717823342221,-2.6395630179629963,723.8188271841207,0.17590101403903877,-0.043862510427304185,-0.0064862117473800905,-0.3101211564412473,283.9161469588297
태광산업,2023-10-27,0.13,580000.0,584000.0,574000.0,579000.0,337.0,1113400.0,4738292443387.0,708793032453.0,4029499410934.0,2265489918200.0,-99370075160.0,-14694447321.0,106938290041.0,-0.3646717823342221,-2.6395630179629963,723.8188271841207,0.17590101403903877,-0.043862510427304185,-0.0064862117473800905,-0.3101211564412473,283.9161469588297
태광산업,2023-10-30,0.13,576000.0,583000.0,573000.0,582000.0,527.0,1113400.0,4738292443387.0,708793032453.0,4029499410934.0,2265489918200.0,-99370075160.0,-14694447321.0,106938290041.0,-0.3646717823342221,-2.6395630179629963,723.8188271841207,0.17590101403903877,-0.043862510427304185,-0.0064862117473800905,-0.3101211564412473,283.9161469588297
태광산업,2023-10-31,0.13,583000.0,584000.0,574000.0,578000.0,379.0,1113400.0,4738292443387.0,708793032453.0,4029499410934.0,2265489918200.0,-99370075160.0,-14694447321.0,106938290041.0,-0.3646717823342221,-2.6395630179629963,723.8188271841207,0.17590101403903877,-0.043862510427304185,-0.0064862117473800905,-0.3101211564412473,283.9161469588297
태광산업,2023-11-01,0.13,578000.0,584000.0,578000.0,584000.0,517.0,1113400.0,4738292443387.0,708793032453.0,4029499410934.0,2265489918200.0,-99370075160.0,-14694447321.0,106938290041.0,-0.3646717823342221,-2.6395630179629963,723.8188271841207,0.17590101403903877,-0.043862510427304185,-0.0064862117473800905,-0.3101211564412473,283.9161469588297
태광산업,2023-11-02,0.13,586000.0,592000.0,580000.0,588000.0,836.0,1113400.0,4738292443387.0,708793032453.0,4029499410934.0,2265489918200.0,-99370075160.0,-14694447321.0,106938290041.0,-0.3646717823342221,-2.6395630179629963,723.8188271841207,0.17590101403903877,-0.043862510427304185,-0.0064862117473800905,-0.3101211564412473,283.9161469588297
태광산업,2023-11-03,0.13,589000.0,600000.0,586000.0,599000.0,933.0,1113400.0,4738292443387.0,708793032453.0,4029499410934.0,2265489918200.0,-99370075160.0,-14694447321.0,106938290041.0,-0.3646717823342221,-2.6395630179629963,723.8188271841207,0.17590101403903877,-0.043862510427304185,-0.0064862117473800905,-0.3101211564412473,283.9161469588297
태광산업,2023-11-06,0.13,604000.0,624000.0,597000.0,620000.0,1630.0,1113400.0,4738292443387.0,708793032453.0,4029499410934.0,2265489918200.0,-99370075160.0,-14694447321.0,106938290041.0,-0.3646717823342221,-2.6395630179629963,723.8188271841207,0.17590101403903877,-0.043862510427304185,-0.0064862117473800905,-0.3101211564412473,283.9161469588297
태광산업,2023-11-07,0.13,620000.0,620000.0,604000.0,608000.0,525.0,1113400.0,4738292443387.0,708793032453.0,4029499410934.0,2265489918200.0,-99370075160.0,-14694447321.0,106938290041.0,-0.3646717823342221,-2.6395630179629963,723.8188271841207,0.17590101403903877,-0.043862510427304185,-0.0064862117473800905,-0.3101211564412473,283.9161469588297
태광산업,2023-11-08,0.13,612000.0,618000.0,606000.0,610000.0,714.0,1113400.0,4738292443387.0,708793032453.0,4029499410934.0,2265489918200.0,-99370075160.0,-14694447321.0,106938290041.0,-0.3646717823342221,-2.6395630179629963,723.8188271841207,0.17590101403903877,-0.043862510427304185,-0.0064862117473800905,-0.3101211564412473,283.9161469588297
태광산업,2023-11-09,0.13,611000.0,619000.0,608000.0,619000.0,550.0,1113400.0,4738292443387.0,708793032453.0,4029499410934.0,2265489918200.0,-99370075160.0,-14694447321.0,106938290041.0,-0.3646717823342221,-2.6395630179629963,723.8188271841207,0.17590101403903877,-0.043862510427304185,-0.0064862117473800905,-0.3101211564412473,283.9161469588297
태광산업,2023-11-10,0.13,616000.0,618000.0,612000.0,618000.0,209.0,1113400.0,4738292443387.0,708793032453.0,4029499410934.0,2265489918200.0,-99370075160.0,-14694447321.0,106938290041.0,-0.3646717823342221,-2.6395630179629963,723.8188271841207,0.17590101403903877,-0.043862510427304185,-0.0064862117473800905,-0.3101211564412473,283.9161469588297
태광산업,2023-11-13,0.13,618000.0,620000.0,606000.0,606000.0,284.0,1113400.0,4738292443387.0,708793032453.0,4029499410934.0,2265489918200.0,-99370075160.0,-14694447321.0,106938290041.0,-0.3646717823342221,-2.6395630179629963,723.8188271841207,0.17590101403903877,-0.043862510427304185,-0.0064862117473800905,-0.3101211564412473,283.9161469588297
태광산업,2023-11-14,0.13,610000.0,613000.0,598000.0,602000.0,628.0,1113400.0,4738292443387.0,708793032453.0,4029499410934.0,2265489918200.0,-99370075160.0,-14694447321.0,106938290041.0,-0.3646717823342221,-2.6395630179629963,723.8188271841207,0.17590101403903877,-0.043862510427304185,-0.0064862117473800905,-0.3101211564412473,283.9161469588297
태광산업,2023-11-15,0.13,609000.0,611000.0,602000.0,611000.0,545.0,1113400.0,4738292443387.0,708793032453.0,4029499410934.0,2265489918200.0,-99370075160.0,-14694447321.0,106938290041.0,-0.3646717823342221,-2.6395630179629963,723.8188271841207,0.17590101403903877,-0.043862510427304185,-0.0064862117473800905,-0.3101211564412473,283.9161469588297
태광산업,2023-11-16,0.13,605000.0,612000.0,603000.0,604000.0,370.0,1113400.0,4738292443387.0,708793032453.0,4029499410934.0,2265489918200.0,-99370075160.0,-14694447321.0,106938290041.0,-0.3646717823342221,-2.6395630179629963,723.8188271841207,0.17590101403903877,-0.043862510427304185,-0.0064862117473800905,-0.3101211564412473,283.9161469588297
태광산업,2023-11-17,0.13,600000.0,608000.0,600000.0,608000.0,178.0,1113400.0,4738292443387.0,708793032453.0,4029499410934.0,2265489918200.0,-99370075160.0,-14694447321.0,106938290041.0,-0.3646717823342221,-2.6395630179629963,723.8188271841207,0.17590101403903877,-0.043862510427304185,-0.0064862117473800905,-0.3101211564412473,283.9161469588297
태광산업,2023-11-20,0.13,607000.0,616000.0,607000.0,615000.0,375.0,1113400.0,4738292443387.0,708793032453.0,4029499410934.0,2265489918200.0,-99370075160.0,-14694447321.0,106938290041.0,-0.3646717823342221,-2.6395630179629963,723.8188271841207,0.17590101403903877,-0.043862510427304185,-0.0064862117473800905,-0.3101211564412473,283.9161469588297
태광산업,2023-11-21,0.13,612000.0,618000.0,608000.0,616000.0,530.0,1113400.0,4738292443387.0,708793032453.0,4029499410934.0,2265489918200.0,-99370075160.0,-14694447321.0,106938290041.0,-0.3646717823342221,-2.6395630179629963,723.8188271841207,0.17590101403903877,-0.043862510427304185,-0.0064862117473800905,-0.3101211564412473,283.9161469588297
태광산업,2023-11-22,0.13,613000.0,617000.0,611000.0,614000.0,138.0,1113400.0,4738292443387.0,708793032453.0,4029499410934.0,2265489918200.0,-99370075160.0,-14694447321.0,106938290041.0,-0.3646717823342221,-2.6395630179629963,723.8188271841207,0.17590101403903877,-0.043862510427304185,-0.0064862117473800905,-0.3101211564412473,283.9161469588297
태광산업,2023-11-23,0.13,623000.0,623000.0,605000.0,612000.0,435.0,1113400.0,4738292443387.0,708793032453.0,4029499410934.0,2265489918200.0,-99370075160.0,-14694447321.0,106938290041.0,-0.3646717823342221,-2.6395630179629963,723.8188271841207,0.17590101403903877,-0.043862510427304185,-0.0064862117473800905,-0.3101211564412473,283.9161469588297
태광산업,2023-11-24,0.13,614000.0,615000.0,605000.0,611000.0,661.0,1113400.0,4738292443387.0,708793032453.0,4029499410934.0,2265489918200.0,-99370075160.0,-14694447321.0,106938290041.0,-0.3646717823342221,-2.6395630179629963,723.8188271841207,0.17590101403903877,-0.043862510427304185,-0.0064862117473800905,-0.3101211564412473,283.9161469588297
태광산업,2023-11-27,0.13,608000.0,608000.0,600000.0,601000.0,531.0,1113400.0,4738292443387.0,708793032453.0,4029499410934.0,2265489918200.0,-99370075160.0,-14694447321.0,106938290041.0,-0.3646717823342221,-2.6395630179629963,723.8188271841207,0.17590101403903877,-0.043862510427304185,-0.0064862117473800905,-0.3101211564412473,283.9161469588297
태광산업,2023-11-28,0.13,601000.0,605000.0,595000.0,602000.0,480.0,1113400.0,4738292443387.0,708793032453.0,4029499410934.0,2265489918200.0,-99370075160.0,-14694447321.0,106938290041.0,-0.3646717823342221,-2.6395630179629963,723.8188271841207,0.17590101403903877,-0.043862510427304185,-0.0064862117473800905,-0.3101211564412473,283.9161469588297
태광산업,2023-11-29,0.13,595000.0,602000.0,592000.0,594000.0,380.0,1113400.0,4738292443387.0,708793032453.0,4029499410934.0,2265489918200.0,-99370075160.0,-14694447321.0,106938290041.0,-0.3646717823342221,-2.6395630179629963,723.8188271841207,0.17590101403903877,-0.043862510427304185,-0.0064862117473800905,-0.3101211564412473,283.9161469588297
태광산업,2023-11-30,0.13,594000.0,595000.0,590000.0,594000.0,297.0,1113400.0,4738292443387.0,708793032453.0,4029499410934.0,2265489918200.0,-99370075160.0,-14694447321.0,106938290041.0,-0.3646717823342221,-2.6395630179629963,723.8188271841207,0.17590101403903877,-0.043862510427304185,-0.0064862117473800905,-0.3101211564412473,283.9161469588297
태광산업,2023-12-01,0.13,593000.0,602000.0,591000.0,597000.0,179.0,1113400.0,4738292443387.0,708793032453.0,4029499410934.0,2265489918200.0,-99370075160.0,-14694447321.0,106938290041.0,-0.3646717823342221,-2.6395630179629963,723.8188271841207,0.17590101403903877,-0.043862510427304185,-0.0064862117473800905,-0.3101211564412473,283.9161469588297
태광산업,2023-12-04,0.13,596000.0,600000.0,594000.0,599000.0,228.0,1113400.0,4738292443387.0,708793032453.0,4029499410934.0,2265489918200.0,-99370075160.0,-14694447321.0,106938290041.0,-0.3646717823342221,-2.6395630179629963,723.8188271841207,0.17590101403903877,-0.043862510427304185,-0.0064862117473800905,-0.3101211564412473,283.9161469588297
태광산업,2023-12-05,0.13,599000.0,617000.0,596000.0,613000.0,936.0,1113400.0,4738292443387.0,708793032453.0,4029499410934.0,2265489918200.0,-99370075160.0,-14694447321.0,106938290041.0,-0.3646717823342221,-2.6395630179629963,723.8188271841207,0.17590101403903877,-0.043862510427304185,-0.0064862117473800905,-0.3101211564412473,283.9161469588297
태광산업,2023-12-06,0.13,614000.0,616000.0,610000.0,612000.0,355.0,1113400.0,4738292443387.0,708793032453.0,4029499410934.0,2265489918200.0,-99370075160.0,-14694447321.0,106938290041.0,-0.3646717823342221,-2.6395630179629963,723.8188271841207,0.17590101403903877,-0.043862510427304185,-0.0064862117473800905,-0.3101211564412473,283.9161469588297
태광산업,2023-12-07,0.13,609000.0,615000.0,606000.0,614000.0,239.0,1113400.0,4738292443387.0,708793032453.0,4029499410934.0,2265489918200.0,-99370075160.0,-14694447321.0,106938290041.0,-0.3646717823342221,-2.6395630179629963,723.8188271841207,0.17590101403903877,-0.043862510427304185,-0.0064862117473800905,-0.3101211564412473,283.9161469588297
태광산업,2023-12-08,0.13,614000.0,622000.0,609000.0,619000.0,705.0,1113400.0,4738292443387.0,708793032453.0,4029499410934.0,2265489918200.0,-99370075160.0,-14694447321.0,106938290041.0,-0.3646717823342221,-2.6395630179629963,723.8188271841207,0.17590101403903877,-0.043862510427304185,-0.0064862117473800905,-0.3101211564412473,283.9161469588297
태광산업,2023-12-11,0.13,617000.0,622000.0,609000.0,622000.0,795.0,1113400.0,4738292443387.0,708793032453.0,4029499410934.0,2265489918200.0,-99370075160.0,-14694447321.0,106938290041.0,-0.3646717823342221,-2.6395630179629963,723.8188271841207,0.17590101403903877,-0.043862510427304185,-0.0064862117473800905,-0.3101211564412473,283.9161469588297
태광산업,2023-12-12,0.13,625000.0,630000.0,617000.0,619000.0,617.0,1113400.0,4738292443387.0,708793032453.0,4029499410934.0,2265489918200.0,-99370075160.0,-14694447321.0,106938290041.0,-0.3646717823342221,-2.6395630179629963,723.8188271841207,0.17590101403903877,-0.043862510427304185,-0.0064862117473800905,-0.3101211564412473,283.9161469588297
태광산업,2023-12-13,0.13,621000.0,622000.0,610000.0,610000.0,808.0,1113400.0,4738292443387.0,708793032453.0,4029499410934.0,2265489918200.0,-99370075160.0,-14694447321.0,106938290041.0,-0.3646717823342221,-2.6395630179629963,723.8188271841207,0.17590101403903877,-0.043862510427304185,-0.0064862117473800905,-0.3101211564412473,283.9161469588297
태광산업,2023-12-14,0.13,614000.0,615000.0,598000.0,609000.0,3801.0,1113400.0,4738292443387.0,708793032453.0,4029499410934.0,2265489918200.0,-99370075160.0,-14694447321.0,106938290041.0,-0.3646717823342221,-2.6395630179629963,723.8188271841207,0.17590101403903877,-0.043862510427304185,-0.0064862117473800905,-0.3101211564412473,283.9161469588297
태광산업,2023-12-15,0.13,610000.0,613000.0,605000.0,605000.0,804.0,1113400.0,4738292443387.0,708793032453.0,4029499410934.0,2265489918200.0,-99370075160.0,-14694447321.0,106938290041.0,-0.3646717823342221,-2.6395630179629963,723.8188271841207,0.17590101403903877,-0.043862510427304185,-0.0064862117473800905,-0.3101211564412473,283.9161469588297
태광산업,2023-12-18,0.13,606000.0,613000.0,606000.0,610000.0,325.0,1113400.0,4738292443387.0,708793032453.0,4029499410934.0,2265489918200.0,-99370075160.0,-14694447321.0,106938290041.0,-0.3646717823342221,-2.6395630179629963,723.8188271841207,0.17590101403903877,-0.043862510427304185,-0.0064862117473800905,-0.3101211564412473,283.9161469588297
태광산업,2023-12-19,0.13,612000.0,620000.0,612000.0,618000.0,624.0,1113400.0,4738292443387.0,708793032453.0,4029499410934.0,2265489918200.0,-99370075160.0,-14694447321.0,106938290041.0,-0.3646717823342221,-2.6395630179629963,723.8188271841207,0.17590101403903877,-0.043862510427304185,-0.0064862117473800905,-0.3101211564412473,283.9161469588297
태광산업,2023-12-20,0.13,620000.0,623000.0,615000.0,620000.0,593.0,1113400.0,4738292443387.0,708793032453.0,4029499410934.0,2265489918200.0,-99370075160.0,-14694447321.0,106938290041.0,-0.3646717823342221,-2.6395630179629963,723.8188271841207,0.17590101403903877,-0.043862510427304185,-0.0064862117473800905,-0.3101211564412473,283.9161469588297
태광산업,2023-12-21,0.13,620000.0,620000.0,610000.0,610000.0,395.0,1113400.0,4738292443387.0,708793032453.0,4029499410934.0,2265489918200.0,-99370075160.0,-14694447321.0,106938290041.0,-0.3646717823342221,-2.6395630179629963,723.8188271841207,0.17590101403903877,-0.043862510427304185,-0.0064862117473800905,-0.3101211564412473,283.9161469588297
태광산업,2023-12-22,0.13,614000.0,614000.0,603000.0,606000.0,448.0,1113400.0,4738292443387.0,708793032453.0,4029499410934.0,2265489918200.0,-99370075160.0,-14694447321.0,106938290041.0,-0.3646717823342221,-2.6395630179629963,723.8188271841207,0.17590101403903877,-0.043862510427304185,-0.0064862117473800905,-0.3101211564412473,283.9161469588297
태광산업,2023-12-26,0.13,608000.0,610000.0,602000.0,604000.0,1010.0,1113400.0,4738292443387.0,708793032453.0,4029499410934.0,2265489918200.0,-99370075160.0,-14694447321.0,106938290041.0,-0.3646717823342221,-2.6395630179629963,723.8188271841207,0.17590101403903877,-0.043862510427304185,-0.0064862117473800905,-0.3101211564412473,283.9161469588297
태광산업,2023-12-27,0.13,606000.0,606000.0,600000.0,606000.0,332.0,1113400.0,4738292443387.0,708793032453.0,4029499410934.0,2265489918200.0,-99370075160.0,-14694447321.0,106938290041.0,-0.3646717823342221,-2.6395630179629963,723.8188271841207,0.17590101403903877,-0.043862510427304185,-0.0064862117473800905,-0.3101211564412473,283.9161469588297
태광산업,2023-12-28,0.13,606000.0,611000.0,604000.0,610000.0,236.0,1113400.0,4738292443387.0,708793032453.0,4029499410934.0,2265489918200.0,-99370075160.0,-14694447321.0,106938290041.0,-0.3646717823342221,-2.6395630179629963,723.8188271841207,0.17590101403903877,-0.043862510427304185,-0.0064862117473800905,-0.3101211564412473,283.9161469588297
태광산업,2024-01-02,0.13,610000.0,613000.0,601000.0,612000.0,237.0,1113400.0,4628806390416.0,689137608780.0,3939668781636.0,554392628712.0,-6279010679.0,39703587293.0,16160072648.0,1.007789981687561,7.131953887731274,707.6825546319382,0.17492272751259724,-0.01132592742725998,0.07161636940455338,0.8577500103527069,-75.52879735821196
태광산업,2024-01-03,0.13,606000.0,606000.0,594000.0,596000.0,821.0,1113400.0,4628806390416.0,689137608780.0,3939668781636.0,554392628712.0,-6279010679.0,39703587293.0,16160072648.0,1.007789981687561,7.131953887731274,707.6825546319382,0.17492272751259724,-0.01132592742725998,0.07161636940455338,0.8577500103527069,-75.52879735821196
태광산업,2024-01-04,0.13,596000.0,606000.0,590000.0,595000.0,745.0,1113400.0,4628806390416.0,689137608780.0,3939668781636.0,554392628712.0,-6279010679.0,39703587293.0,16160072648.0,1.007789981687561,7.131953887731274,707.6825546319382,0.17492272751259724,-0.01132592742725998,0.07161636940455338,0.8577500103527069,-75.52879735821196
태광산업,2024-01-05,0.13,597000.0,600000.0,588000.0,591000.0,423.0,1113400.0,4628806390416.0,689137608780.0,3939668781636.0,554392628712.0,-6279010679.0,39703587293.0,16160072648.0,1.007789981687561,7.131953887731274,707.6825546319382,0.17492272751259724,-0.01132592742725998,0.07161636940455338,0.8577500103527069,-75.52879735821196
태광산업,2024-01-08,0.13,593000.0,595000.0,587000.0,589000.0,385.0,1113400.0,4628806390416.0,689137608780.0,3939668781636.0,554392628712.0,-6279010679.0,39703587293.0,16160072648.0,1.007789981687561,7.131953887731274,707.6825546319382,0.17492272751259724,-0.01132592742725998,0.07161636940455338,0.8577500103527069,-75.52879735821196
태광산업,2024-01-09,0.13,590000.0,602000.0,589000.0,599000.0,673.0,1113400.0,4628806390416.0,689137608780.0,3939668781636.0,554392628712.0,-6279010679.0,39703587293.0,16160072648.0,1.007789981687561,7.131953887731274,707.6825546319382,0.17492272751259724,-0.01132592742725998,0.07161636940455338,0.8577500103527069,-75.52879735821196
태광산업,2024-01-10,0.13,599000.0,601000.0,593000.0,595000.0,166.0,1113400.0,4628806390416.0,689137608780.0,3939668781636.0,554392628712.0,-6279010679.0,39703587293.0,16160072648.0,1.007789981687561,7.131953887731274,707.6825546319382,0.17492272751259724,-0.01132592742725998,0.07161636940455338,0.8577500103527069,-75.52879735821196
태광산업,2024-01-11,0.13,596000.0,598000.0,591000.0,598000.0,160.0,1113400.0,4628806390416.0,689137608780.0,3939668781636.0,554392628712.0,-6279010679.0,39703587293.0,16160072648.0,1.007789981687561,7.131953887731274,707.6825546319382,0.17492272751259724,-0.01132592742725998,0.07161636940455338,0.8577500103527069,-75.52879735821196
태광산업,2024-01-12,0.13,598000.0,600000.0,592000.0,597000.0,191.0,1113400.0,4628806390416.0,689137608780.0,3939668781636.0,554392628712.0,-6279010679.0,39703587293.0,16160072648.0,1.007789981687561,7.131953887731274,707.6825546319382,0.17492272751259724,-0.01132592742725998,0.07161636940455338,0.8577500103527069,-75.52879735821196
태광산업,2024-01-15,0.13,595000.0,599000.0,592000.0,595000.0,163.0,1113400.0,4628806390416.0,689137608780.0,3939668781636.0,554392628712.0,-6279010679.0,39703587293.0,16160072648.0,1.007789981687561,7.131953887731274,707.6825546319382,0.17492272751259724,-0.01132592742725998,0.07161636940455338,0.8577500103527069,-75.52879735821196
태광산업,2024-01-16,0.13,587000.0,595000.0,585000.0,595000.0,338.0,1113400.0,4628806390416.0,689137608780.0,3939668781636.0,554392628712.0,-6279010679.0,39703587293.0,16160072648.0,1.007789981687561,7.131953887731274,707.6825546319382,0.17492272751259724,-0.01132592742725998,0.07161636940455338,0.8577500103527069,-75.52879735821196
태광산업,2024-01-17,0.13,592000.0,592000.0,580000.0,581000.0,571.0,1113400.0,4628806390416.0,689137608780.0,3939668781636.0,554392628712.0,-6279010679.0,39703587293.0,16160072648.0,1.007789981687561,7.131953887731274,707.6825546319382,0.17492272751259724,-0.01132592742725998,0.07161636940455338,0.8577500103527069,-75.52879735821196
태광산업,2024-01-18,0.13,581000.0,586000.0,576000.0,579000.0,241.0,1113400.0,4628806390416.0,689137608780.0,3939668781636.0,554392628712.0,-6279010679.0,39703587293.0,16160072648.0,1.007789981687561,7.131953887731274,707.6825546319382,0.17492272751259724,-0.01132592742725998,0.07161636940455338,0.8577500103527069,-75.52879735821196
태광산업,2024-01-19,0.13,576000.0,584000.0,573000.0,581000.0,292.0,1113400.0,4628806390416.0,689137608780.0,3939668781636.0,554392628712.0,-6279010679.0,39703587293.0,16160072648.0,1.007789981687561,7.131953887731274,707.6825546319382,0.17492272751259724,-0.01132592742725998,0.07161636940455338,0.8577500103527069,-75.52879735821196
태광산업,2024-01-22,0.13,585000.0,586000.0,575000.0,584000.0,379.0,1113400.0,4628806390416.0,689137608780.0,3939668781636.0,554392628712.0,-6279010679.0,39703587293.0,16160072648.0,1.007789981687561,7.131953887731274,707.6825546319382,0.17492272751259724,-0.01132592742725998,0.07161636940455338,0.8577500103527069,-75.52879735821196
태광산업,2024-01-23,0.13,584000.0,589000.0,580000.0,584000.0,262.0,1113400.0,4628806390416.0,689137608780.0,3939668781636.0,554392628712.0,-6279010679.0,39703587293.0,16160072648.0,1.007789981687561,7.131953887731274,707.6825546319382,0.17492272751259724,-0.01132592742725998,0.07161636940455338,0.8577500103527069,-75.52879735821196
태광산업,2024-01-24,0.13,584000.0,629000.0,584000.0,618000.0,3063.0,1113400.0,4628806390416.0,689137608780.0,3939668781636.0,554392628712.0,-6279010679.0,39703587293.0,16160072648.0,1.007789981687561,7.131953887731274,707.6825546319382,0.17492272751259724,-0.01132592742725998,0.07161636940455338,0.8577500103527069,-75.52879735821196
태광산업,2024-01-25,0.13,615000.0,640000.0,615000.0,636000.0,2794.0,1113400.0,4628806390416.0,689137608780.0,3939668781636.0,554392628712.0,-6279010679.0,39703587293.0,16160072648.0,1.007789981687561,7.131953887731274,707.6825546319382,0.17492272751259724,-0.01132592742725998,0.07161636940455338,0.8577500103527069,-75.52879735821196
태광산업,2024-01-26,0.13,639000.0,700000.0,639000.0,689000.0,8168.0,1113400.0,4628806390416.0,689137608780.0,3939668781636.0,554392628712.0,-6279010679.0,39703587293.0,16160072648.0,1.007789981687561,7.131953887731274,707.6825546319382,0.17492272751259724,-0.01132592742725998,0.07161636940455338,0.8577500103527069,-75.52879735821196
태광산업,2024-01-29,0.13,706000.0,888000.0,703000.0,809000.0,20912.0,1113400.0,4628806390416.0,689137608780.0,3939668781636.0,554392628712.0,-6279010679.0,39703587293.0,16160072648.0,1.007789981687561,7.131953887731274,707.6825546319382,0.17492272751259724,-0.01132592742725998,0.07161636940455338,0.8577500103527069,-75.52879735821196
태광산업,2024-01-30,0.13,844000.0,994000.0,801000.0,823000.0,36331.0,1113400.0,4628806390416.0,689137608780.0,3939668781636.0,554392628712.0,-6279010679.0,39703587293.0,16160072648.0,1.007789981687561,7.131953887731274,707.6825546319382,0.17492272751259724,-0.01132592742725998,0.07161636940455338,0.8577500103527069,-75.52879735821196
태광산업,2024-01-31,0.13,818000.0,950000.0,818000.0,919000.0,20888.0,1113400.0,4628806390416.0,689137608780.0,3939668781636.0,554392628712.0,-6279010679.0,39703587293.0,16160072648.0,1.007789981687561,7.131953887731274,707.6825546319382,0.17492272751259724,-0.01132592742725998,0.07161636940455338,0.8577500103527069,-75.52879735821196
태광산업,2024-02-01,0.13,950000.0,950000.0,912000.0,943000.0,4531.0,1113400.0,4628806390416.0,689137608780.0,3939668781636.0,554392628712.0,-6279010679.0,39703587293.0,16160072648.0,1.007789981687561,7.131953887731274,707.6825546319382,0.17492272751259724,-0.01132592742725998,0.07161636940455338,0.8577500103527069,-75.52879735821196
태광산업,2024-02-02,0.13,942000.0,942000.0,881000.0,908000.0,3419.0,1113400.0,4628806390416.0,689137608780.0,3939668781636.0,554392628712.0,-6279010679.0,39703587293.0,16160072648.0,1.007789981687561,7.131953887731274,707.6825546319382,0.17492272751259724,-0.01132592742725998,0.07161636940455338,0.8577500103527069,-75.52879735821196
태광산업,2024-02-05,0.13,899000.0,910000.0,886000.0,899000.0,2760.0,1113400.0,4628806390416.0,689137608780.0,3939668781636.0,554392628712.0,-6279010679.0,39703587293.0,16160072648.0,1.007789981687561,7.131953887731274,707.6825546319382,0.17492272751259724,-0.01132592742725998,0.07161636940455338,0.8577500103527069,-75.52879735821196
태광산업,2024-02-06,0.13,868000.0,895000.0,774000.0,810000.0,17786.0,1113400.0,4628806390416.0,689137608780.0,3939668781636.0,554392628712.0,-6279010679.0,39703587293.0,16160072648.0,1.007789981687561,7.131953887731274,707.6825546319382,0.17492272751259724,-0.01132592742725998,0.07161636940455338,0.8577500103527069,-75.52879735821196
태광산업,2024-02-07,0.13,818000.0,924000.0,808000.0,918000.0,10710.0,1113400.0,4628806390416.0,689137608780.0,3939668781636.0,554392628712.0,-6279010679.0,39703587293.0,16160072648.0,1.007789981687561,7.131953887731274,707.6825546319382,0.17492272751259724,-0.01132592742725998,0.07161636940455338,0.8577500103527069,-75.52879735821196
태광산업,2024-02-08,0.13,921000.0,928000.0,870000.0,870000.0,4160.0,1113400.0,4628806390416.0,689137608780.0,3939668781636.0,554392628712.0,-6279010679.0,39703587293.0,16160072648.0,1.007789981687561,7.131953887731274,707.6825546319382,0.17492272751259724,-0.01132592742725998,0.07161636940455338,0.8577500103527069,-75.52879735821196
태광산업,2024-02-13,0.13,871000.0,926000.0,870000.0,902000.0,4608.0,1113400.0,4628806390416.0,689137608780.0,3939668781636.0,554392628712.0,-6279010679.0,39703587293.0,16160072648.0,1.007789981687561,7.131953887731274,707.6825546319382,0.17492272751259724,-0.01132592742725998,0.07161636940455338,0.8577500103527069,-75.52879735821196
태광산업,2024-02-14,0.13,890000.0,935000.0,869000.0,878000.0,4412.0,1113400.0,4628806390416.0,689137608780.0,3939668781636.0,554392628712.0,-6279010679.0,39703587293.0,16160072648.0,1.007789981687561,7.131953887731274,707.6825546319382,0.17492272751259724,-0.01132592742725998,0.07161636940455338,0.8577500103527069,-75.52879735821196
태광산업,2024-02-15,0.13,888000.0,888000.0,833000.0,834000.0,3377.0,1113400.0,4628806390416.0,689137608780.0,3939668781636.0,554392628712.0,-6279010679.0,39703587293.0,16160072648.0,1.007789981687561,7.131953887731274,707.6825546319382,0.17492272751259724,-0.01132592742725998,0.07161636940455338,0.8577500103527069,-75.52879735821196
태광산업,2024-02-16,0.13,849000.0,905000.0,845000.0,893000.0,5854.0,1113400.0,4628806390416.0,689137608780.0,3939668781636.0,554392628712.0,-6279010679.0,39703587293.0,16160072648.0,1.007789981687561,7.131953887731274,707.6825546319382,0.17492272751259724,-0.01132592742725998,0.07161636940455338,0.8577500103527069,-75.52879735821196
태광산업,2024-02-19,0.13,904000.0,915000.0,860000.0,880000.0,2974.0,1113400.0,4628806390416.0,689137608780.0,3939668781636.0,554392628712.0,-6279010679.0,39703587293.0,16160072648.0,1.007789981687561,7.131953887731274,707.6825546319382,0.17492272751259724,-0.01132592742725998,0.07161636940455338,0.8577500103527069,-75.52879735821196
태광산업,2024-02-20,0.13,889000.0,889000.0,850000.0,861000.0,2332.0,1113400.0,4628806390416.0,689137608780.0,3939668781636.0,554392628712.0,-6279010679.0,39703587293.0,16160072648.0,1.007789981687561,7.131953887731274,707.6825546319382,0.17492272751259724,-0.01132592742725998,0.07161636940455338,0.8577500103527069,-75.52879735821196
태광산업,2024-02-21,0.13,861000.0,861000.0,818000.0,831000.0,4619.0,1113400.0,4628806390416.0,689137608780.0,3939668781636.0,554392628712.0,-6279010679.0,39703587293.0,16160072648.0,1.007789981687561,7.131953887731274,707.6825546319382,0.17492272751259724,-0.01132592742725998,0.07161636940455338,0.8577500103527069,-75.52879735821196
태광산업,2024-02-22,0.13,832000.0,834000.0,814000.0,825000.0,2380.0,1113400.0,4628806390416.0,689137608780.0,3939668781636.0,554392628712.0,-6279010679.0,39703587293.0,16160072648.0,1.007789981687561,7.131953887731274,707.6825546319382,0.17492272751259724,-0.01132592742725998,0.07161636940455338,0.8577500103527069,-75.52879735821196
태광산업,2024-02-23,0.13,828000.0,828000.0,799000.0,813000.0,2857.0,1113400.0,4628806390416.0,689137608780.0,3939668781636.0,554392628712.0,-6279010679.0,39703587293.0,16160072648.0,1.007789981687561,7.131953887731274,707.6825546319382,0.17492272751259724,-0.01132592742725998,0.07161636940455338,0.8577500103527069,-75.52879735821196
태광산업,2024-02-26,0.13,813000.0,841000.0,758000.0,758000.0,6247.0,1113400.0,4628806390416.0,689137608780.0,3939668781636.0,554392628712.0,-6279010679.0,39703587293.0,16160072648.0,1.007789981687561,7.131953887731274,707.6825546319382,0.17492272751259724,-0.01132592742725998,0.07161636940455338,0.8577500103527069,-75.52879735821196
태광산업,2024-02-27,0.13,760000.0,760000.0,713000.0,733000.0,3886.0,1113400.0,4628806390416.0,689137608780.0,3939668781636.0,554392628712.0,-6279010679.0,39703587293.0,16160072648.0,1.007789981687561,7.131953887731274,707.6825546319382,0.17492272751259724,-0.01132592742725998,0.07161636940455338,0.8577500103527069,-75.52879735821196
태광산업,2024-02-28,0.13,737000.0,787000.0,724000.0,776000.0,4240.0,1113400.0,4628806390416.0,689137608780.0,3939668781636.0,554392628712.0,-6279010679.0,39703587293.0,16160072648.0,1.007789981687561,7.131953887731274,707.6825546319382,0.17492272751259724,-0.01132592742725998,0.07161636940455338,0.8577500103527069,-75.52879735821196
태광산업,2024-02-29,0.13,776000.0,790000.0,761000.0,786000.0,1960.0,1113400.0,4628806390416.0,689137608780.0,3939668781636.0,554392628712.0,-6279010679.0,39703587293.0,16160072648.0,1.007789981687561,7.131953887731274,707.6825546319382,0.17492272751259724,-0.01132592742725998,0.07161636940455338,0.8577500103527069,-75.52879735821196
태광산업,2024-03-04,0.13,786000.0,813000.0,769000.0,789000.0,2671.0,1113400.0,4628806390416.0,689137608780.0,3939668781636.0,554392628712.0,-6279010679.0,39703587293.0,16160072648.0,1.007789981687561,7.131953887731274,707.6825546319382,0.17492272751259724,-0.01132592742725998,0.07161636940455338,0.8577500103527069,-75.52879735821196
태광산업,2024-03-05,0.13,789000.0,796000.0,773000.0,776000.0,986.0,1113400.0,4628806390416.0,689137608780.0,3939668781636.0,554392628712.0,-6279010679.0,39703587293.0,16160072648.0,1.007789981687561,7.131953887731274,707.6825546319382,0.17492272751259724,-0.01132592742725998,0.07161636940455338,0.8577500103527069,-75.52879735821196
태광산업,2024-03-06,0.13,787000.0,787000.0,749000.0,760000.0,1467.0,1113400.0,4628806390416.0,689137608780.0,3939668781636.0,554392628712.0,-6279010679.0,39703587293.0,16160072648.0,1.007789981687561,7.131953887731274,707.6825546319382,0.17492272751259724,-0.01132592742725998,0.07161636940455338,0.8577500103527069,-75.52879735821196
태광산업,2024-03-07,0.13,751000.0,770000.0,735000.0,757000.0,1753.0,1113400.0,4628806390416.0,689137608780.0,3939668781636.0,554392628712.0,-6279010679.0,39703587293.0,16160072648.0,1.007789981687561,7.131953887731274,707.6825546319382,0.17492272751259724,-0.01132592742725998,0.07161636940455338,0.8577500103527069,-75.52879735821196
태광산업,2024-03-08,0.13,758000.0,788000.0,751000.0,774000.0,1790.0,1113400.0,4628806390416.0,689137608780.0,3939668781636.0,554392628712.0,-6279010679.0,39703587293.0,16160072648.0,1.007789981687561,7.131953887731274,707.6825546319382,0.17492272751259724,-0.01132592742725998,0.07161636940455338,0.8577500103527069,-75.52879735821196
태광산업,2024-03-11,0.13,779000.0,796000.0,764000.0,764000.0,1486.0,1113400.0,4628806390416.0,689137608780.0,3939668781636.0,554392628712.0,-6279010679.0,39703587293.0,16160072648.0,1.007789981687561,7.131953887731274,707.6825546319382,0.17492272751259724,-0.01132592742725998,0.07161636940455338,0.8577500103527069,-75.52879735821196
태광산업,2024-03-12,0.13,762000.0,780000.0,749000.0,755000.0,1724.0,1113400.0,4628806390416.0,689137608780.0,3939668781636.0,554392628712.0,-6279010679.0,39703587293.0,16160072648.0,1.007789981687561,7.131953887731274,707.6825546319382,0.17492272751259724,-0.01132592742725998,0.07161636940455338,0.8577500103527069,-75.52879735821196
태광산업,2024-03-13,0.13,748000.0,772000.0,746000.0,755000.0,1859.0,1113400.0,4628806390416.0,689137608780.0,3939668781636.0,554392628712.0,-6279010679.0,39703587293.0,16160072648.0,1.007789981687561,7.131953887731274,707.6825546319382,0.17492272751259724,-0.01132592742725998,0.07161636940455338,0.8577500103527069,-75.52879735821196
태광산업,2024-03-14,0.13,760000.0,765000.0,743000.0,746000.0,1388.0,1113400.0,4628806390416.0,689137608780.0,3939668781636.0,554392628712.0,-6279010679.0,39703587293.0,16160072648.0,1.007789981687561,7.131953887731274,707.6825546319382,0.17492272751259724,-0.01132592742725998,0.07161636940455338,0.8577500103527069,-75.52879735821196
태광산업,2024-03-15,0.13,749000.0,772000.0,740000.0,753000.0,1724.0,1113400.0,4628806390416.0,689137608780.0,3939668781636.0,554392628712.0,-6279010679.0,39703587293.0,16160072648.0,1.007789981687561,7.131953887731274,707.6825546319382,0.17492272751259724,-0.01132592742725998,0.07161636940455338,0.8577500103527069,-75.52879735821196
태광산업,2024-03-18,0.13,753000.0,753000.0,728000.0,740000.0,1782.0,1113400.0,4628806390416.0,689137608780.0,3939668781636.0,554392628712.0,-6279010679.0,39703587293.0,16160072648.0,1.007789981687561,7.131953887731274,707.6825546319382,0.17492272751259724,-0.01132592742725998,0.07161636940455338,0.8577500103527069,-75.52879735821196
태광산업,2024-03-19,0.13,736000.0,739000.0,720000.0,723000.0,1707.0,1113400.0,4628806390416.0,689137608780.0,3939668781636.0,554392628712.0,-6279010679.0,39703587293.0,16160072648.0,1.007789981687561,7.131953887731274,707.6825546319382,0.17492272751259724,-0.01132592742725998,0.07161636940455338,0.8577500103527069,-75.52879735821196
태광산업,2024-03-20,0.13,724000.0,731000.0,705000.0,715000.0,1758.0,1113400.0,4628806390416.0,689137608780.0,3939668781636.0,554392628712.0,-6279010679.0,39703587293.0,16160072648.0,1.007789981687561,7.131953887731274,707.6825546319382,0.17492272751259724,-0.01132592742725998,0.07161636940455338,0.8577500103527069,-75.52879735821196
태광산업,2024-03-21,0.13,725000.0,725000.0,713000.0,717000.0,1074.0,1113400.0,4628806390416.0,689137608780.0,3939668781636.0,554392628712.0,-6279010679.0,39703587293.0,16160072648.0,1.007789981687561,7.131953887731274,707.6825546319382,0.17492272751259724,-0.01132592742725998,0.07161636940455338,0.8577500103527069,-75.52879735821196
태광산업,2024-03-22,0.13,720000.0,722000.0,713000.0,720000.0,392.0,1113400.0,4628806390416.0,689137608780.0,3939668781636.0,554392628712.0,-6279010679.0,39703587293.0,16160072648.0,1.007789981687561,7.131953887731274,707.6825546319382,0.17492272751259724,-0.01132592742725998,0.07161636940455338,0.8577500103527069,-75.52879735821196
태광산업,2024-03-25,0.13,722000.0,728000.0,719000.0,723000.0,367.0,1113400.0,4628806390416.0,689137608780.0,3939668781636.0,554392628712.0,-6279010679.0,39703587293.0,16160072648.0,1.007789981687561,7.131953887731274,707.6825546319382,0.17492272751259724,-0.01132592742725998,0.07161636940455338,0.8577500103527069,-75.52879735821196
태광산업,2024-03-26,0.13,718000.0,731000.0,715000.0,720000.0,1242.0,1113400.0,4628806390416.0,689137608780.0,3939668781636.0,554392628712.0,-6279010679.0,39703587293.0,16160072648.0,1.007789981687561,7.131953887731274,707.6825546319382,0.17492272751259724,-0.01132592742725998,0.07161636940455338,0.8577500103527069,-75.52879735821196
태광산업,2024-03-27,0.13,717000.0,721000.0,709000.0,713000.0,1036.0,1113400.0,4628806390416.0,689137608780.0,3939668781636.0,554392628712.0,-6279010679.0,39703587293.0,16160072648.0,1.007789981687561,7.131953887731274,707.6825546319382,0.17492272751259724,-0.01132592742725998,0.07161636940455338,0.8577500103527069,-75.52879735821196
태광산업,2024-03-28,0.13,743000.0,783000.0,733000.0,768000.0,5268.0,1113400.0,4628806390416.0,689137608780.0,3939668781636.0,554392628712.0,-6279010679.0,39703587293.0,16160072648.0,1.007789981687561,7.131953887731274,707.6825546319382,0.17492272751259724,-0.01132592742725998,0.07161636940455338,0.8577500103527069,-75.52879735821196
태광산업,2024-03-29,0.13,770000.0,795000.0,711000.0,725000.0,5852.0,1113400.0,4628806390416.0,689137608780.0,3939668781636.0,554392628712.0,-6279010679.0,39703587293.0,16160072648.0,1.007789981687561,7.131953887731274,707.6825546319382,0.17492272751259724,-0.01132592742725998,0.07161636940455338,0.8577500103527069,-75.52879735821196
